"","Month","Year","Competitor.merchandise.exports.to.the.World","Competitor.agricultural.exports.to.the.World","Soybeans","Tobacco","Corn","Soymeal","Bulk","Rice","Tree.Nuts","Dairy.Products","Fresh...Processed.Fruit","Fresh...Processed.Vegetables","Beef...Beef.Products","Wine...Beer"
"1",1,1970,102.2,104.2,95.1,92,99.3,93.1,102.9,102.9,111.2,119.6,111.4,115.5,107.9,115.7
"2",2,1970,102.3,104.4,95.2,92.2,99.4,93.2,103,103,111.4,119.8,111.5,115.7,108,115.9
"3",3,1970,102.4,104.5,95.1,92.3,99.3,92.9,102.9,103,111.4,119.6,111.4,115.6,107.8,115.7
"4",4,1970,102.7,105.2,95.4,93.1,99.7,93.3,103.3,103.5,112,119.9,111.9,115.9,108.1,116
"5",5,1970,102.9,105.4,95.4,93.1,99.6,93.2,103.3,103.4,112,119.8,111.8,115.9,108,116
"6",6,1970,103.1,105.5,95.6,93.5,100.3,93.9,103.6,103.7,112.1,120.1,112.1,116,108.3,116.3
"7",7,1970,103.2,105.8,95.9,93.8,100.7,94.2,103.8,103.8,112.2,120.3,112.4,116.1,108.5,116.6
"8",8,1970,103.3,105.9,95.3,93.9,100.5,93.6,103.7,103.7,112.2,119.9,112.5,116.1,107.8,116.2
"9",9,1970,103.4,106,95.1,94,100.4,93.3,103.7,103.7,112.5,119.9,112.6,116.2,107.6,116.2
"10",10,1970,103.4,106,95,93.8,100.1,92.9,103.6,103.6,112.5,119.9,112.5,116.2,107.5,116.1
"11",11,1970,103.6,105.9,95.2,93.8,100.1,93,103.6,103.7,112.6,119.9,112.5,116.3,107.6,116.1
"12",12,1970,103.6,105.9,95.1,93.7,99.6,92.6,103.6,103.8,112.9,120,112.5,116.5,107.6,116.1
"13",1,1971,102.7,105,94.4,93,98.9,92,102.8,103.1,111.9,119,111.6,115.6,106.7,115.1
"14",2,1971,102.4,104.5,93.9,92.4,98.2,91.4,102.2,102.7,111.4,118.4,111,115,106.2,114.5
"15",3,1971,102.2,104.2,93.6,92.1,97.9,91.1,102,102.4,111.1,118.1,110.6,114.7,105.9,114.2
"16",4,1971,102,103.9,93.3,92,97.6,90.8,101.6,102.1,110.7,117.5,110.2,114.2,105.4,113.6
"17",5,1971,101.9,103.8,93.1,91.9,97.3,90.5,101.3,101.9,110.2,116.8,109.8,113.7,104.9,113.1
"18",6,1971,102.3,104.1,93.4,92.2,97.5,90.8,101.6,102.3,110.6,117.1,110.1,114.1,105.2,113.4
"19",7,1971,102.3,103.5,92.8,91.5,96.8,90.1,100.9,101.7,110,116.5,109.5,113.6,104.6,112.9
"20",8,1971,101.7,103.3,92.4,91.5,96.6,89.8,100.5,101.2,109.2,115.6,108.8,112.7,104,112.1
"21",9,1971,100.2,102.2,91.3,90.7,95.5,88.6,99.2,99.9,107.7,113.6,107.3,110.9,102.3,110.4
"22",10,1971,99.5,101.2,90.3,89.8,94.4,87.4,98.2,99,106.7,112.3,106.1,109.7,101.1,109.2
"23",11,1971,99,100.8,90.4,89.7,94.7,87.9,98.1,98.7,106,111.8,105.7,109,100.9,108.8
"24",12,1971,98.3,99.7,89.3,88.7,93,86.4,96.8,97.6,104.8,110.2,104.2,107.7,99.4,107.3
"25",1,1972,94.9,97.2,86.7,86.2,90.8,84,94.1,94.9,101.9,107,101.7,104.5,96.9,104.4
"26",2,1972,94.3,96.5,86,85.5,89.8,83.1,93.3,94.2,101,105.8,100.8,103.5,95.9,103.4
"27",3,1972,93.8,96.3,85.6,85.1,89.3,82.7,92.8,94,100.3,105.2,100.1,102.8,95.7,102.8
"28",4,1972,93.7,96.1,85.6,85.2,89.4,82.9,92.8,93.9,100.2,105.1,100,102.7,95.6,102.7
"29",5,1972,93.7,95.9,85.3,85,88.8,82.4,92.5,93.8,100,104.8,99.6,102.5,95.2,102.2
"30",6,1972,93.6,95.5,84.4,84.3,87.7,81.2,91.8,93.5,99.7,104.3,99.1,102,94.5,101.6
"31",7,1972,93.4,95.4,84.1,84.1,87.2,80.8,91.6,93.4,99.6,104.1,98.7,101.8,94.3,101.3
"32",8,1972,93.1,95.1,84.1,84,87.2,81,91.6,93.3,99.6,104.5,98.5,101.9,94.4,101.4
"33",9,1972,93.1,95.1,83.8,83.7,87,80.6,91.2,92.8,99.3,103.9,98.5,101.4,94,101.1
"34",10,1972,93.1,94.7,83.6,83.4,86.5,80.3,91,92.6,99.1,103.7,98,101.2,93.8,100.8
"35",11,1972,93.2,94.3,83.3,82.8,86,79.9,90.7,92.4,98.8,103.4,97.7,101,93.6,100.6
"36",12,1972,92.6,93.5,83,82.2,85.1,79.3,90.1,92,98.3,102.9,96.9,100.6,93.1,99.9
"37",1,1973,92.4,92.8,82.4,81.7,84.5,78.6,89.5,91.4,97.8,102.3,96.3,100.1,92.4,99.2
"38",2,1973,88.3,88.8,78.9,78.3,80.6,74.9,85.5,87.6,93.4,97,91.9,95.3,87.7,94.6
"39",3,1973,85.3,85.9,75.9,75.7,77.4,71.9,82.3,84.5,89.8,93.1,88.3,91.6,84.4,90.9
"40",4,1973,85.4,85.7,76,75.6,77.2,71.7,82.3,84.7,90,93.4,88.3,91.9,84.4,91
"41",5,1973,84.5,84.6,75.1,74.6,76,70.7,81.2,83.7,88.7,92,87,90.6,83.4,89.7
"42",6,1973,82.2,82.4,73,72.7,74,68.7,78.7,81.3,85.5,88.4,84.2,87.4,80.8,86.8
"43",7,1973,79.5,79.5,70.4,70.3,71.4,66.2,75.7,78.4,81.8,84.2,81,83.7,77.6,83.3
"44",8,1973,81.6,81.4,72.4,72.2,73.3,68.2,78,80.6,84.5,87.3,83.1,86.5,80,85.8
"45",9,1973,81.1,80.6,72,71.5,72.7,67.7,77.3,79.7,83.5,86.4,82.2,85.4,79.1,85
"46",10,1973,80.3,79.3,71.2,70.7,71.6,66.9,76.4,78.8,82.2,85,80.5,84.2,78,83.6
"47",11,1973,83,82.7,73.7,72.8,75,69.3,79.3,81.3,86.2,89.2,85.4,88,81.2,88
"48",12,1973,83.9,83.4,74.7,73.4,75.6,70.2,80.5,82.5,87.9,91.3,86.6,89.8,82.7,89.4
"49",1,1974,85.8,85.6,76.9,75,78.4,72.6,83.3,85.1,91.3,95.7,90,93.6,85.9,93.2
"50",2,1974,84.2,84.2,75.6,74,77.1,71.3,82,83.9,89.7,93.7,88.4,92,84.5,91.6
"51",3,1974,83,82.6,74,72.4,75.3,69.5,80.2,82,87.7,91.6,86.5,90,82.6,89.6
"52",4,1974,81.3,80.8,72.4,70.7,73.9,67.8,78.4,80.2,85.6,89.3,84.5,87.8,80.7,87.5
"53",5,1974,80.7,80.2,71.4,70,73.1,66.8,77.5,79.3,84.6,88.3,83.7,86.7,79.8,86.6
"54",6,1974,81.6,80.7,72.3,70.6,73.7,67.6,78.3,80.1,85.6,89.4,84.4,87.8,80.7,87.5
"55",7,1974,81.8,80.9,72.6,70.8,73.9,68,78.4,80,85.4,89.1,84.4,87.5,80.7,87.4
"56",8,1974,83,82,73.9,72,75.1,69.3,79.6,81.1,86.6,90.6,85.6,88.8,81.9,88.7
"57",9,1974,83.9,82.8,75,72.8,76.2,70.5,80.7,82,87.6,91.7,86.6,89.8,83.1,89.8
"58",10,1974,83.3,82.6,74.6,72.4,76.1,70.1,80.2,81.5,86.8,90.9,86.1,88.9,82.8,89.2
"59",11,1974,82.2,81.6,73.8,71.7,75.3,69.4,79.3,80.6,85.4,89.3,84.8,87.5,81.7,87.8
"60",12,1974,82.1,81,72.9,70.9,74.3,68.4,78.3,79.7,84.4,87.9,83.9,86.3,80.5,86.7
"61",1,1975,80.4,79.8,71.5,69.6,73.4,67.2,76.6,77.9,82.1,85.2,82.3,83.8,78.6,84.7
"62",2,1975,79.6,79.1,70.9,69.1,72.8,66.7,75.8,77.2,81.1,84.1,81.4,82.8,77.8,83.7
"63",3,1975,79,79.5,71.8,70,74.8,68.6,76.4,77.3,80.3,83.5,81.6,82.1,77.9,83.7
"64",4,1975,79.5,79.7,72.2,70.1,74.8,68.8,76.7,77.5,80.8,84,81.9,82.5,78.2,84
"65",5,1975,78.9,79.1,71.7,69.6,74.1,68.3,75.9,76.8,79.8,82.8,80.9,81.5,77.4,83
"66",6,1975,79.3,80.6,73.7,71.6,77.5,71.7,77.6,78,80.1,83.6,82.4,82.1,78.8,84.3
"67",7,1975,82.1,82.9,75.9,73.5,79.3,73.5,80.2,80.7,83.7,87.4,85.5,85.7,81.6,87.6
"68",8,1975,84,84.6,77.3,74.6,80.5,74.6,81.9,82.4,86,90,87.4,88,83.6,89.8
"69",9,1975,84.8,86.1,79.2,76.3,83.5,77.5,83.8,83.8,87,91.6,89.2,89.3,85.3,91.7
"70",10,1975,84.6,86.3,79.3,76.6,83.9,77.9,83.8,83.8,86.7,91.2,89.2,88.9,85.2,91.5
"71",11,1975,84.8,86.3,79.4,76.7,83.9,78,83.9,83.9,86.8,91.2,89.3,89,85.2,91.6
"72",12,1975,85.4,86.5,79.6,76.8,83.8,78,84.2,84.3,87.5,91.9,89.6,89.6,85.6,92
"73",1,1976,84.6,85.8,79.1,76.2,83.4,77.7,83.7,83.9,86.8,91.2,89.1,89,84.9,91.3
"74",2,1976,84.3,85.4,78.4,75.8,82.8,76.7,83.3,84.1,86.8,91,89.1,89.2,84.6,91.3
"75",3,1976,84.5,85,77.7,75.2,81.4,75.2,83,84.2,87.6,91.5,89,89.9,84.5,91.5
"76",4,1976,84.5,85.1,77.7,75.4,81.3,75,83.1,84.6,87.7,91.4,89,89.9,84.5,91.5
"77",5,1976,84.8,85,77.6,75.2,80.8,74.7,83,84.4,87.9,91.7,88.9,90,84.5,91.5
"78",6,1976,85.2,85.3,77.8,75.4,81.1,75,83.4,84.8,88.5,92.4,89.3,90.6,85.1,92
"79",7,1976,84.9,84.9,77.6,75.1,80.7,74.6,83.2,84.6,88.4,92.5,89.1,90.6,84.9,91.8
"80",8,1976,84.5,84.4,77,74.5,80.1,73.8,82.7,84.2,87.9,91.9,88.5,90,84.4,91.3
"81",9,1976,84.5,84,75.8,74,79.2,72.2,81.7,83.1,86.9,90.6,87.4,89,83.1,90.5
"82",10,1976,84.1,83.4,74.9,73.2,78.2,71,80.9,82.4,86.2,89.7,86.5,88.1,82.3,89.7
"83",11,1976,84.1,83.1,74.4,72.8,77.5,70.2,80.3,81.8,85.6,89,85.9,87.6,81.7,89.1
"84",12,1976,83.6,84.4,76.7,74.5,81.3,73.7,82.2,83.1,85.7,89.6,87.2,87.7,83.4,90.3
"85",1,1977,83.2,83.8,76.3,74,80.8,73.4,81.7,82.6,85.3,89.2,86.8,87.4,82.8,89.8
"86",2,1977,83.8,84.3,76.8,74.4,81.3,73.7,82.2,83,85.9,89.8,87.3,88,83.3,90.4
"87",3,1977,83.6,84,76.6,74.2,81,73.5,82,82.8,85.6,89.5,87,87.7,83,90.1
"88",4,1977,83.3,83.5,76.3,73.9,80.7,73.2,81.6,82.3,85,88.9,86.3,87.1,82.5,89.5
"89",5,1977,83.1,83.1,75.9,73.5,80.2,72.8,81.2,81.9,84.5,88.4,85.9,86.6,82.1,89
"90",6,1977,83.1,83.1,76.1,73.6,80.2,73,81.2,81.9,84.6,88.6,86,86.7,82.2,89.1
"91",7,1977,82.4,82.7,75.5,73.3,79.7,72.4,80.7,81.7,84.2,87.8,85.8,86.4,81.7,88.7
"92",8,1977,82.4,82.7,75.6,73.2,79.7,72.3,80.8,81.7,84.4,88.2,85.9,86.7,82,89
"93",9,1977,82.5,82.6,75.4,73,79.5,72.2,80.7,81.5,84.4,88.2,85.8,86.6,81.9,88.9
"94",10,1977,81.6,81.7,74.6,72.1,78.4,71.2,79.7,80.5,83.3,86.9,84.7,85.5,80.8,87.7
"95",11,1977,81.1,81.3,74.2,71.6,78,70.9,79.2,80.1,82.7,86.3,84.2,84.9,80.2,87
"96",12,1977,79.7,80.2,73,70.6,76.9,69.7,77.8,78.8,81.1,84.4,82.7,83.1,78.8,85.4
"97",1,1978,78.5,79,71.9,69.5,75.6,68.4,76.6,77.6,79.8,83,81.4,81.8,77.6,83.9
"98",2,1978,78.1,78.7,71.5,69.1,75.5,68,76.3,77.3,79.4,82.6,81,81.3,77.2,83.5
"99",3,1978,77.8,78.3,70.9,68.9,74.8,67.3,75.7,76.7,78.8,81.6,80.3,80.5,76.3,82.7
"100",4,1978,78,78.3,71.1,68.9,74.5,67.2,75.6,76.8,78.8,81.4,80.1,80.5,76.2,82.6
"101",5,1978,79.4,79.4,72.1,69.9,75.3,68.3,76.9,78.1,80.6,83.4,81.6,82.2,77.7,84.2
"102",6,1978,79.1,79.1,71.8,69.5,74.8,67.9,76.5,77.6,80.2,83,81.2,81.9,77.3,83.8
"103",7,1978,78.1,78.1,70.8,68.4,73.5,66.9,75.3,76.5,79,81.7,80,80.7,76,82.4
"104",8,1978,76.8,77,69.9,67.4,72.3,65.8,74.1,75.3,77.6,80.1,78.5,79.1,74.8,80.8
"105",9,1978,76.7,76.9,69.8,67.2,72,65.5,73.9,75,77.2,79.6,78,78.7,74.5,80.4
"106",10,1978,75,74.9,67.9,65.4,69.9,63.3,71.6,72.9,74.6,76.6,75.4,75.9,72,77.7
"107",11,1978,76.3,76.5,68.9,67.1,71.1,64.4,73.1,74.4,76.7,78.6,77,77.6,73.5,79.4
"108",12,1978,78.7,80.1,69.9,70.3,72.8,65.5,75.2,76.2,78.3,81.8,79.1,80.5,77.1,81
"109",1,1979,78.2,79.3,69,69.5,71.7,64.5,74.3,75.4,77.4,80.6,78.1,79.5,76,79.8
"110",2,1979,78.8,79.7,69.4,69.6,72,64.9,74.7,75.8,77.9,81.3,78.6,80.1,76.6,80.3
"111",3,1979,79.1,79.9,69.4,69.8,72,64.9,74.8,75.9,78.1,81.6,78.7,80.3,76.7,80.4
"112",4,1979,80.1,80.5,70,70.3,72.5,65.6,75.5,76.5,79,82.6,79.5,81.2,77.5,81.2
"113",5,1979,81,81.3,71.1,71.2,73.4,66.7,76.5,77.4,80,83.9,80.4,82.2,78.7,82.2
"114",6,1979,81,81.2,71.1,71.1,73.1,66.6,76.3,77.3,79.9,83.6,80.3,82.1,78.6,82
"115",7,1979,79.6,79.7,69.5,69.6,71.6,65,74.5,75.5,77.9,81.5,78.6,80.2,76.7,80
"116",8,1979,80,79.6,69.4,69.3,71.2,64.7,74.5,75.4,78.1,81.7,78.5,80.4,76.7,80.1
"117",9,1979,79.7,79.2,69.1,69.1,70.8,64.4,74.1,75,77.5,81.1,77.9,79.7,76.3,79.5
"118",10,1979,80.1,79.4,69.4,69.3,71,64.8,74.3,75.2,77.7,81.3,78,79.9,76.6,79.7
"119",11,1979,80.6,79.5,69.5,69.3,70.9,64.7,74.3,75.3,77.7,81.3,78.1,80,76.6,79.8
"120",12,1979,80.1,79.7,70.2,70.4,71.2,66,74.5,75.4,77.3,80.5,77.8,79.1,77,79.3
"121",1,1980,80.7,79.9,70.4,70.9,71.2,66.3,74.6,75.4,77.3,80.5,77.8,79.1,77.4,79
"122",2,1980,81.9,81,71.1,72,72.1,67,75.6,76.3,78.6,81.6,79,80.3,78.3,80.1
"123",3,1980,84.8,83.6,73.8,74.4,74.5,69.5,78.6,79.3,82.2,85.7,82.3,84.1,81.7,83.7
"124",4,1980,85.4,84.3,74.3,75,75,70,79.3,79.9,83,86.6,83.2,85.1,82.4,84.5
"125",5,1980,82.9,82,72.2,72.9,72.9,68,76.9,77.6,80.4,83.8,80.7,82.5,79.9,81.9
"126",6,1980,82.2,81.3,71.5,72.4,72.2,67.4,76.3,77,79.7,83.1,80,81.8,79.2,81.1
"127",7,1980,81.1,79.6,69.8,70.6,70.2,65.3,74.5,75.4,78.2,81.3,78.3,80.2,77.3,79.3
"128",8,1980,82.1,80.2,70.2,70.9,70.4,65.4,75.1,76.1,79.4,82.6,79.1,81.5,78.1,80.3
"129",9,1980,81.9,79.8,69.7,70.4,69.6,64.7,74.7,75.8,79.3,82.5,78.8,81.4,77.8,80
"130",10,1980,82.6,80.2,70,70.5,69.4,64.6,75.3,76.5,80.6,83.9,79.6,82.7,78.6,80.9
"131",11,1980,84.5,81.5,71.1,71.3,70.1,65.2,76.7,78.1,82.9,86.7,81.4,85.2,80.4,83
"132",12,1980,85.9,82.4,71.7,71.8,70.3,65.3,77.7,79.4,84.8,88.7,82.8,87.3,81.6,84.5
"133",1,1981,85.8,82.1,71.2,71.2,69.3,64.4,77.4,79.2,85.2,89.2,82.8,87.7,81.4,84.5
"134",2,1981,88.9,84.8,73.5,73.3,71.5,66.4,80.5,82.5,89.6,94.2,86.6,92.5,85.1,88.6
"135",3,1981,88.9,84.1,72.5,72.3,69.8,64.8,79.4,81.8,89.3,93.5,85.7,92,84.2,87.8
"136",4,1981,90.2,85,73.4,73.1,70.4,65.5,80.5,82.9,90.9,95.3,87.1,93.7,85.4,89.2
"137",5,1981,93.2,86.7,74.5,74.1,70.5,65.6,82.4,85.4,95,99.6,89.8,97.9,88,92.2
"138",6,1981,95.3,88,75.4,75,70.8,65.9,83.8,87.1,97.8,102.5,91.7,100.9,89.9,94.4
"139",7,1981,97.2,89.2,76.1,75.8,71.2,66,85,88.8,100.1,104.8,93.4,103.3,91.3,96.1
"140",8,1981,100.8,101.9,92.9,91.9,97.3,91.4,100.3,99.4,104.8,113.4,106.7,110,104.8,108.9
"141",9,1981,98.8,99.3,90.1,89.5,94,88.3,97,96.4,101.1,108.7,102.8,105.8,101,104.7
"142",10,1981,97.3,97.6,88.4,88.1,92,86.3,95,94.7,98.8,105.6,100.5,103.2,98.6,102.2
"143",11,1981,96.1,96.5,87.2,87.1,90.6,85,93.7,93.6,97.7,104.1,99.3,101.8,97.4,100.7
"144",12,1981,96.5,96.8,87.5,87.4,90.6,85.1,94.2,94.1,98.6,105.1,99.9,102.7,98.1,101.4
"145",1,1982,97.5,97.2,87.5,87.5,90.3,84.7,94.6,94.6,99.4,106.4,100.4,103.9,98.9,102
"146",2,1982,100,99.2,89,88.8,91.8,85.9,96.4,96.5,101.8,109.2,102.6,106.6,100.9,104.5
"147",3,1982,101.4,100.3,89.3,89.6,92.4,86.1,97.2,97.2,102.7,110.2,103.6,107.9,101.7,105.9
"148",4,1982,102.1,100.8,89.8,90.1,92.8,86.5,97.8,97.9,103.7,111.2,104.3,108.9,102.3,106.6
"149",5,1982,100.5,99,87.9,88.3,90.7,84.3,95.6,95.8,101.2,108.1,101.9,106.1,99.7,103.9
"150",6,1982,105.3,105.8,95.3,95.2,100.9,93.7,103.3,102.3,107.1,115.8,109.8,113,107.4,112
"151",7,1982,107,109.2,99.6,99.3,107.9,100.1,107.5,105.4,109.3,119,113.8,115.7,111.2,115.9
"152",8,1982,108.4,110.2,99.3,99.6,107.9,99.2,107.7,105.5,110.1,119.5,114.4,116.5,111.5,116.8
"153",9,1982,109.1,110.4,99,99.6,107.2,98.5,107.8,105.7,110.9,120.2,114.7,117.1,111.8,117.2
"154",10,1982,109.8,110.2,99.1,99.4,106.2,98.2,107.8,106.2,111.6,120.8,114.8,117.6,112.2,117.2
"155",11,1982,109.9,109.9,98.8,99.2,105.4,97.6,107.7,106.3,112,121.1,114.9,118,112.3,117.3
"156",12,1982,106.5,107.8,96.6,97.2,103.5,95.7,104.8,103.8,108.1,116.5,111.7,113.9,109.1,113.8
"157",1,1983,105.4,106.1,94.7,95.5,101,93.1,102.9,102.2,106.7,114.6,109.8,112.4,107,111.9
"158",2,1983,106.6,108.2,97.3,98.4,103.6,96.5,105.3,104.2,108.7,116.5,112,114.1,109.8,114
"159",3,1983,107.2,110.1,99.6,101.3,105.9,99.6,107.3,106.1,110.1,117.7,113.6,115.1,112.6,115.6
"160",4,1983,108.7,112.3,100.7,103.6,106.8,100.3,108.9,107.6,112.6,119.9,115.4,117.2,114.2,117.2
"161",5,1983,109.4,113.1,101.9,104.8,108.3,101.9,110.1,108.6,113.7,121.3,116.7,118.4,115.6,118.5
"162",6,1983,111.1,114.6,103,105.8,109.6,103,111.7,110.1,115.9,124,118.8,120.9,117.6,120.8
"163",7,1983,112.2,116.2,104.4,107.4,112,105.1,113.4,111.6,117.2,125.9,120.7,122.6,119.4,122.7
"164",8,1983,114,118.7,106.9,110.2,115.1,108.5,116.2,114,120,129.2,123.7,125.5,122.7,125.8
"165",9,1983,114.4,119.2,107.6,110.9,116.2,109.5,116.8,114.4,120.1,129.4,124.2,125.7,123.1,126.3
"166",10,1983,113.5,119.8,107.8,111.3,117.1,110.5,116.5,113.8,118.8,127.7,123.5,124.2,122.3,125.3
"167",11,1983,114.9,122.3,110.5,114.1,120.3,114.1,119.3,116.2,121.3,130.7,126.4,126.8,125.3,128.1
"168",12,1983,116.2,124.4,112.8,116.1,123.4,117,121.8,118.4,123.4,133.5,129,129.2,128.1,130.8
"169",1,1984,117.7,126.1,114.9,117.9,126,119.6,124.1,120.5,125.6,136.1,131.5,131.7,130.3,133.3
"170",2,1984,116.4,124.3,113.5,116.5,124.3,118.1,122,118.6,122.9,132.7,128.9,128.8,127.6,130.4
"171",3,1984,114.5,122.5,112,115.1,122.1,116.3,119.7,116.4,119.8,128.8,125.9,125.3,124.8,127
"172",4,1984,115.3,123.5,113.7,116.5,123.7,118.3,121.3,117.8,121.3,130.6,127.3,126.8,126.7,128.7
"173",5,1984,117.6,123.4,112.7,115.1,119.8,114.3,121.1,118.7,124.4,133.4,128.2,129.8,127.3,130
"174",6,1984,118.4,125.4,115.3,117.9,123,118,123.1,120.1,125.1,134.1,129.6,130.3,129.3,131.3
"175",7,1984,121.6,127.4,116.2,118.5,122.4,117,124.8,122.4,129,138.4,132.3,134.4,132.1,134.3
"176",8,1984,122.9,128.3,116.4,118.6,123,117,125.6,123.3,130.4,140.2,133.7,136.2,132.8,135.7
"177",9,1984,126.8,132.6,120.9,122.8,127.4,121.4,130.4,127.9,135.9,146.2,139,142,138,141.3
"178",10,1984,128.2,134.2,122.6,124.7,129,123.4,132.1,129.5,137.6,147.9,140.8,143.6,139.9,143
"179",11,1984,127,129.3,116.4,118.5,118.9,113.1,126,126.1,134.9,143,135.3,140.2,133.3,137.1
"180",12,1984,130.4,135.9,124.9,126.6,130.6,125,134,132.4,139.7,149.1,142.7,145.6,140.9,144.4
"181",1,1985,131.8,137.2,125.9,127.3,131.6,125.8,135.4,133.9,141.7,151.7,144.5,147.8,142.6,146.3
"182",2,1985,134.5,138.7,126.3,127.5,130,124.2,136.8,136.2,145.8,155.9,146.6,151.7,145.3,148.9
"183",3,1985,135.2,140.2,127.8,128.7,132.1,125.9,138.2,137.3,146.6,156.9,148,152.6,146.6,150.3
"184",4,1985,131.1,136.1,124.9,126.1,128.7,123.6,133.6,132.5,140,148.7,142,145,141.5,143.6
"185",5,1985,131.9,137.3,126.4,127.9,130.3,125.6,135,133.7,141.2,150,143.5,146.2,143,144.9
"186",6,1985,131.2,136.4,125.3,127,129.7,124.6,134,132.6,139.7,148.6,142.4,145.1,141.8,143.7
"187",7,1985,128.4,133.2,122.5,124.2,127.3,122.1,130.4,128.8,134.8,142.9,138.3,140.1,137,139.2
"188",8,1985,126.9,130.1,118.7,120.6,123.1,117.1,126.5,125.3,131.2,138.2,134.4,136.2,132.1,135.3
"189",9,1985,128.3,131.6,120.2,121.9,124.6,118.4,128.2,127,133.1,140.3,136.3,138.3,133.9,137.3
"190",10,1985,124.7,127.6,116.8,118.8,120.4,114.8,123.5,122.5,127.4,133,130.7,131.9,128.1,131.2
"191",11,1985,124.1,126.4,116,117.6,119.2,113.5,122.3,121.3,125.9,131.1,129.2,130.4,126.5,129.6
"192",12,1985,123.1,125,113.9,115.4,117.2,110.9,120.1,119.4,123.6,128.6,127,128.2,123.9,127.4
"193",1,1986,121.5,122.5,111.5,112.8,113.9,107.9,117.4,117,121.1,125.8,123.9,125.4,120.9,124.3
"194",2,1986,118.5,119.5,108.1,109.7,110.6,104.4,113.8,113.5,117.1,121.2,119.8,121.2,116.7,120
"195",3,1986,116.6,118,107.2,109.3,109.2,103.9,112.1,111.7,114.6,118,117.4,118.2,114.9,117.3
"196",4,1986,116.2,117.2,106.3,108.6,108.2,102.7,111.5,111.3,114.7,117.9,117.1,118.1,114.2,116.9
"197",5,1986,115.1,116.2,105.3,107.8,107.2,101.8,110.4,110.1,113.3,116.3,115.8,116.7,112.9,115.6
"198",6,1986,116.4,118,106.4,108.9,108.6,102.7,111.6,111.2,114.4,117.6,117.2,117.9,114.2,116.9
"199",7,1986,116.4,116.7,105.9,107.8,107.1,101.4,110.3,110,112.9,115.1,115.4,116.1,112.2,115.1
"200",8,1986,115.1,115.2,104,106,104.9,99.1,108.1,108,110.5,112.3,112.9,113.4,109.9,112.7
"201",9,1986,115.4,115.9,103.4,106.7,104.3,98.2,107.9,107.8,110.7,112.1,112.6,113.3,109.6,112.2
"202",10,1986,115.8,115.8,103.2,107,104.3,98.4,107.5,107.2,109.8,110.9,111.7,112.2,108.6,111.3
"203",11,1986,116.4,115.8,103.2,107.1,104.1,98.2,107.7,107.6,110.5,111.5,112.1,112.9,108.7,111.7
"204",12,1986,115.4,115,102.6,106.5,103.4,97.6,106.8,106.7,109.3,110.1,110.9,111.6,107.6,110.5
"205",1,1987,112.1,110.7,98.4,101.9,99.3,93,102.3,102.5,104.4,104.8,106.2,106.8,102.3,105.6
"206",2,1987,111.7,110.5,97.8,101.7,98.9,92.7,101.7,101.9,103.6,103.9,105.5,106,101.7,104.7
"207",3,1987,111.7,110.4,97.8,101.9,98.8,92.9,101.7,101.9,103.7,104,105.5,106.2,101.8,104.7
"208",4,1987,110.6,109.3,96.5,100.6,97.5,91.3,100.4,100.7,102.6,102.8,104.4,105.2,100.3,103.4
"209",5,1987,109.7,108.8,96.4,100.4,97.3,91.3,100,100.3,101.8,102.1,103.8,104.4,99.9,102.8
"210",6,1987,110.8,110.1,97.6,101.8,98.5,92.7,101.4,101.6,103.4,103.7,105.3,106,101.5,104.3
"211",7,1987,111.8,111.5,99.1,103.6,100,94.5,102.9,103,104.8,105.2,106.8,107.3,103.1,105.7
"212",8,1987,112.1,111.9,99.3,103.7,100.1,94.6,103.3,103.3,105.4,106,107.2,107.9,103.7,106.2
"213",9,1987,110.8,110.5,98.1,102.5,99,93.6,101.9,101.8,103.6,104.1,105.5,106.1,101.9,104.4
"214",10,1987,110.4,110.1,97.9,102.1,99.1,93.6,101.5,101.1,102.7,103.4,104.9,105.2,101.3,103.8
"215",11,1987,107,106.7,94.6,98.6,95.7,90.1,97.8,97.6,98.5,98.8,100.9,100.9,97.4,99.6
"216",12,1987,105.1,104.6,92.5,96.5,93.4,87.9,95.5,95.5,96.2,96.3,98.5,98.5,94.9,97.1
"217",1,1988,105.2,104.9,92.7,96.7,93.8,88.2,95.9,96,96.9,97.1,99.3,99.4,95.4,97.9
"218",2,1988,106,105.9,93.6,97.7,95,89.4,97.2,97.2,98.5,99,100.7,101,96.8,99.4
"219",3,1988,104.9,104.7,92.7,96.8,93.9,88.5,96.2,96.2,97.5,98,99.7,99.9,95.8,98.2
"220",4,1988,104.2,104.2,92.5,96.6,93.6,88.5,95.9,95.9,97.2,97.6,99.3,99.5,95.5,97.8
"221",5,1988,104.5,104.8,93.2,97.4,94.3,89.3,96.6,96.6,98,98.5,100.1,100.3,96.2,98.6
"222",6,1988,106.2,106.6,94.7,99.1,96.4,91.2,98.8,98.7,100.5,101.5,102.7,103.2,98.4,101.2
"223",7,1988,108.8,109.3,97.1,101.7,98.9,93.7,101.8,101.7,104.3,105.8,106.2,107.1,102.1,105
"224",8,1988,109.7,110.5,98,102.6,100,94.6,103.1,102.9,105.9,107.9,107.7,108.9,103.6,106.6
"225",9,1988,110,110.9,97.1,101.9,99.1,93.2,102.5,102.5,105.7,107.6,107.4,108.8,103,106.2
"226",10,1988,108.3,109.4,95.1,100.3,96.9,91.2,100.4,100.5,103.6,105.2,105.1,106.5,100.9,103.8
"227",11,1988,105.6,107.1,93.3,98.5,94.9,89.6,98,98,100.5,101.7,102.1,103.1,98.1,100.6
"228",12,1988,105.2,107.2,93.4,98.7,95.2,90.1,98.1,98,100.5,101.9,102.2,103,98.2,100.6
"229",1,1989,107.4,111.7,99.1,105.6,100.3,97.6,103.1,102.6,104.8,106,106.6,106.6,104.2,104.6
"230",2,1989,107.9,113.5,101.1,108.2,102.4,100.5,104.9,104.1,106.1,107.3,108.1,107.6,106.5,106
"231",3,1989,108.7,115.2,102.6,109.7,104.1,102.1,106.4,105.4,107.3,108.8,109.5,108.8,108.2,107.4
"232",4,1989,109.3,122,112.2,119.8,120.3,118.9,114.3,110.3,108.6,111.7,115.6,110.8,114.8,113
"233",5,1989,111.7,125.7,115.7,123.9,124.1,123.2,118.1,113.9,112.4,116,119.6,114.7,119.5,117
"234",6,1989,113.3,128.7,118.6,128.2,125.9,126.7,120.9,116.6,115.2,118.6,122.1,117,123.5,119.3
"235",7,1989,110,121.8,110.2,117.9,117.6,115.3,113.4,109.9,109.4,112.8,115.4,111.6,114.7,113.1
"236",8,1989,110.9,123.8,113,121.9,118.7,118.8,115.6,112.2,111.6,114.2,117.1,113,117.7,114.5
"237",9,1989,111.2,123.1,111.6,119.8,117.5,116.5,114.9,111.7,111.7,114.8,116.9,113.5,116.8,114.6
"238",10,1989,109,118.9,106.6,114,112.5,110,110.3,107.7,107.9,110.9,112.6,109.9,111.5,110.7
"239",11,1989,108.7,118.3,105.5,113.1,111.1,108.5,109.2,106.8,106.7,109.7,111.4,108.9,110.6,109.4
"240",12,1989,109.2,119.3,108.1,116,114.7,112.8,110.2,107.1,105,107.7,111.2,107.4,110.6,108.6
"241",1,1990,109.4,115.8,104.5,111.2,108,105.9,106.6,104.8,103.6,105.2,107.9,105.9,106.5,105.5
"242",2,1990,108.8,115.5,104.8,110.7,109.8,107.1,106.6,104.2,102.4,104.4,107.7,104.9,105.8,105.3
"243",3,1990,109.6,114,101.8,107.4,105.3,101.7,104.7,103.3,102.9,104.8,106.7,105.5,104.2,104.7
"244",4,1990,108.8,113,101.2,106.8,104,101.1,103.6,102.3,101.8,103.3,105.4,104,103.2,103.3
"245",5,1990,107.8,111.9,100.2,105.8,102.3,99.7,102.3,101.2,100.7,101.9,104,102.7,102,101.8
"246",6,1990,108.5,112.3,100.4,105.9,102.2,99.7,102.7,101.6,101.5,102.7,104.5,103.5,102.5,102.4
"247",7,1990,106.9,110.3,98.4,103.9,99.6,97.4,100.4,99.6,99.3,100.2,102.2,101.2,100.1,99.8
"248",8,1990,105.5,108.3,96.1,101.6,97.3,94.8,98,97.3,96.8,97.2,99.6,98.6,97.1,97.1
"249",9,1990,105.1,107.2,94.4,99.5,95.1,92,96.7,96.5,96.5,96.8,98.7,98.5,95.7,96.4
"250",10,1990,103.6,106.1,94,99.3,93.6,91.6,95.5,95.3,95,94.7,97,96.4,94.8,94.6
"251",11,1990,104.6,111.3,103.5,112.1,99.1,104.1,101.1,100.4,97.8,95.1,100,96.6,102.3,96.4
"252",12,1990,105.5,110.5,102.1,109.7,97.7,101.4,100.3,100,98.2,95.5,99.9,97.3,101.1,96.5
"253",1,1991,105.5,109.8,101,107.8,97.9,100.4,99.9,99.5,97.8,95.8,99.8,97.5,100.1,96.7
"254",2,1991,103.9,107.5,98.4,104.4,96.2,97.5,97.7,97.3,95.6,93.8,97.8,95.7,97,94.7
"255",3,1991,107.6,110.9,100.6,106.4,99,99.3,101.3,101.1,100.8,99.8,102.5,101.3,101,99.8
"256",4,1991,109.4,112.8,102.4,107.9,100.9,101.1,103.7,103.4,103.8,103.4,105.4,104.7,103.6,102.8
"257",5,1991,110,113.1,102.2,107.5,100.9,100.6,103.9,103.7,104.5,104.2,105.9,105.6,103.7,103.3
"258",6,1991,111.9,114.6,102.7,107.9,102.1,100.8,105.5,105.4,106.9,107.3,108.1,108.6,105.4,105.9
"259",7,1991,111.8,113.7,101.4,106.4,101,99.1,104.6,105,106.6,106.9,107.4,108.4,104,105.2
"260",8,1991,111.5,116.6,107.2,114.3,104.4,107.1,107.8,107.7,107.6,106.3,108.7,107.6,108.3,105.6
"261",9,1991,109.6,113.5,103.7,110,101.3,102.8,104.6,104.7,104.7,103.5,105.7,105,104.5,102.8
"262",10,1991,109.3,114.8,106,113.2,102.7,106.1,105.9,105.8,105.2,103.4,106.3,104.8,106.4,103.1
"263",11,1991,107,110.8,101.2,107.2,98.5,100,101.5,101.8,101.3,99.7,102.4,101.4,101.3,99.4
"264",12,1991,105.3,109.6,100.6,106.6,97.3,99.4,100.1,100.4,99.3,97.3,100.5,99.1,99.9,97.4
"265",1,1992,106.6,109.8,100.7,106.5,97.3,99.4,100.4,100.6,99.6,97.7,100.6,99.4,100.2,97.8
"266",2,1992,107.6,110.6,101.5,107.1,98.1,99.9,101.5,101.7,101,99.4,101.8,100.9,101.4,99.2
"267",3,1992,109.9,113.1,104.2,110.3,100.4,103,104.1,104.2,103.5,101.9,104.2,103.3,104.4,101.5
"268",4,1992,109.4,112.7,104.1,110.3,100,103,103.7,103.8,102.9,101.1,103.7,102.5,104,100.9
"269",5,1992,108.4,110.5,101.5,107.1,97.8,99.7,101.4,101.6,100.8,99.2,101.6,100.8,101.3,98.9
"270",6,1992,107.1,109.5,100.7,106.7,96.8,99.2,100.3,100.4,99.3,97.2,100.2,98.9,100.1,97.3
"271",7,1992,105,106.7,97.9,103.9,94,96.1,97.2,97.4,95.8,93.3,96.8,95.3,96.7,93.8
"272",8,1992,104.6,105.4,96.3,102,92.4,94.2,95.5,95.8,94.1,91.5,95,93.5,94.8,92.2
"273",9,1992,106.3,106.6,97.3,103.1,93.4,94.9,96.7,97.1,95.2,92.5,96.1,94.6,95.8,93.5
"274",10,1992,108.4,109,99.4,105.3,95.6,96.7,99.2,100,98.1,95.4,98.9,97.8,98.5,96.6
"275",11,1992,111.2,113,103.3,109.2,99.4,100.7,103.5,104.2,103,100.7,103.7,102.8,103.5,101.4
"276",12,1992,111.1,112.8,103.3,109,99.3,100.5,103.5,104.3,103.1,100.7,103.7,102.9,103.3,101.4
"277",1,1993,111.9,113.8,104.2,109.7,100.3,101.4,104.6,105.6,104.5,102.4,105,104.5,104.7,102.9
"278",2,1993,112.5,114.9,105.2,110.9,101.3,102.5,105.8,106.9,105.9,104,106.5,106,106.2,104.5
"279",3,1993,112.5,115.2,105.5,111.6,101.7,103.2,106.3,107.7,106.5,104.3,106.8,106.4,106.3,104.7
"280",4,1993,110.1,113,103.6,109.6,99.6,101.2,104,105.3,103.8,101.4,104.2,103.6,103.8,102
"281",5,1993,110,113.3,103.7,109.9,99.9,101.4,104.2,105.4,104.1,101.6,104.6,103.9,104.2,102.3
"282",6,1993,110.2,114.7,105.2,111.2,101.4,102.9,105.9,107.1,106.3,104.1,106.7,106.2,106.5,104.4
"283",7,1993,111,116.7,106.9,113.1,103.5,104.8,108.1,109.3,108.9,107.1,109.4,109.1,109.1,107.2
"284",8,1993,110.5,117,107,113.3,103.7,104.8,108.3,109.5,109.1,107.4,109.7,109.4,109.4,107.5
"285",9,1993,108.3,114.5,104.7,110.7,101.2,102.1,105.6,106.8,105.9,103.9,106.5,106,106.4,104.3
"286",10,1993,108.4,115.4,105.8,111.8,102.2,103.2,106.7,107.9,107.2,105.3,107.7,107.3,107.8,105.5
"287",11,1993,109.2,116.9,107.2,113.3,103.8,104.9,108.5,109.7,109.3,107.8,109.9,109.6,109.9,107.7
"288",12,1993,108.6,116.6,107.1,113.1,103.7,104.8,108.3,109.6,109.3,107.7,109.9,109.6,109.8,107.6
"289",1,1994,114.4,119.2,112.1,116.1,105.6,107.9,111.4,113.3,112.9,109.6,112.7,113.4,111.2,110.2
"290",2,1994,113.6,118.9,112,116,105.4,107.7,111.1,113,112.5,109.1,112.4,112.9,110.8,109.7
"291",3,1994,112.8,117.7,110.6,114.7,104.3,106.1,109.8,111.6,110.9,107.3,110.9,111.3,109.2,108.3
"292",4,1994,112.6,117.8,110.7,115.1,104.6,106.2,110,111.6,111.1,107.4,111.2,111.4,109.3,108.3
"293",5,1994,110.9,115.8,108.9,113.2,102.8,104.4,108,109.5,108.8,105,109.1,109,107.2,106.1
"294",6,1994,109.5,113.3,105.5,109,100.1,100.2,105.2,107,106.6,103.3,106.8,107.4,104.1,104.2
"295",7,1994,107.7,111.6,104.1,107.8,98.6,99,103.5,105.2,104.3,100.8,104.6,104.8,102.2,102
"296",8,1994,107.4,111.1,103.3,106.9,98.2,98.1,103,104.8,104,100.7,104.2,104.7,101.7,101.8
"297",9,1994,106.2,109.7,101.5,105.1,96.8,96.3,101.5,103.3,102.6,99.4,102.9,103.3,100.2,100.5
"298",10,1994,104.7,107.8,99.7,103,95.2,94.4,99.8,101.5,100.8,97.7,101.1,101.5,98.3,98.8
"299",11,1994,104.7,108,99.9,103.1,95.5,94.5,100.2,102,101.5,98.7,101.7,102.4,98.8,99.5
"300",12,1994,105.4,109.1,100.7,104.1,96.7,95.4,101.4,103.1,102.8,100.3,103,104,100,101.1
"301",1,1995,104.6,108.3,99.5,103.1,95.9,93.9,100.2,101.8,101.4,98.6,101.8,102.6,98.5,100
"302",2,1995,103.7,107.4,98.4,102.1,95,92.8,99.1,100.8,100.2,97.4,100.7,101.4,97.5,98.9
"303",3,1995,101.5,105.5,96.6,100.9,93.3,91,97,98.9,97.4,93.9,98.1,98.3,95.1,96.4
"304",4,1995,99.3,103.7,95.3,99.4,91.8,89.9,95.5,97.5,95.9,92.4,96.5,96.6,93.6,94.6
"305",5,1995,98.8,103.5,95.2,99,91.9,89.9,95.7,97.4,96.3,93.3,96.8,97.1,94.1,95
"306",6,1995,98,103,94.7,98.4,91.4,89.4,95.1,96.7,95.6,92.7,96.2,96.4,93.6,94.4
"307",7,1995,97.2,102.1,93.8,97.5,90.5,88.6,94.1,95.8,94.7,91.7,95.2,95.4,92.6,93.4
"308",8,1995,98.7,103.7,95.4,99.1,92.1,90.4,95.9,97.4,96.7,94.1,97.2,97.6,94.7,95.4
"309",9,1995,99.3,104.3,95.9,99.6,92.6,91,96.4,98,97.4,94.8,97.8,98.2,95.3,96
"310",10,1995,98.3,103.3,94.8,98.7,91.6,89.9,95.3,96.9,96,93.2,96.5,96.7,93.8,94.6
"311",11,1995,98.3,103.3,94.6,98.5,91.5,89.6,95,96.6,95.7,92.9,96.3,96.5,93.6,94.5
"312",12,1995,98.5,103.7,95,98.7,91.9,90,95.6,97.1,96.4,93.8,96.9,97.2,94.2,95.1
"313",1,1996,99.2,104.1,95.7,99.2,92.5,90.8,96.3,97.8,97.3,94.7,97.6,98,95,95.9
"314",2,1996,99.2,104.2,95.9,99.3,92.7,91,96.4,97.9,97.4,94.8,97.7,98.2,95.1,95.9
"315",3,1996,99.3,104.4,96.1,99.6,92.9,91.3,96.6,98,97.6,95.2,98.1,98.4,95.4,96.3
"316",4,1996,99.7,104.9,96.6,100.1,93.5,91.9,97.3,98.5,98.4,96.2,98.9,99.3,96.2,97.1
"317",5,1996,100.2,105.6,97.3,100.7,94.3,92.8,98.1,99.2,99.4,97.4,99.9,100.4,97.1,98.1
"318",6,1996,100.1,105.5,97.1,100.5,94.1,92.5,97.9,99,99.2,97.3,99.7,100.3,96.9,97.9
"319",7,1996,99.7,104.7,96.4,99.8,93.4,91.7,97.1,98.3,98.3,96.2,98.8,99.3,96,96.9
"320",8,1996,99.1,104.2,95.9,99.3,93,91.3,96.6,97.7,97.7,95.6,98.2,98.6,95.5,96.3
"321",9,1996,99.7,104.8,96.6,100,93.6,92,97.4,98.4,98.5,96.5,99,99.4,96.3,97.1
"322",10,1996,100.4,105.4,97.1,100.5,94.2,92.7,98,99,99.3,97.4,99.8,100.2,97.1,97.9
"323",11,1996,99.9,104.8,96.5,100.1,93.7,92.3,97.4,98.4,98.5,96.6,99.1,99.5,96.4,97.1
"324",12,1996,100.7,105.9,97.7,101.1,94.9,93.5,98.7,99.6,100,98.3,100.6,101.1,97.8,98.6
"325",1,1997,102,107.3,99,102.4,96.4,95,100.3,101.2,102,100.6,102.5,103.2,99.8,100.6
"326",2,1997,104.2,109.9,101.5,104.8,99,97.5,103.2,104.2,105.4,104.5,105.8,106.9,103.2,104
"327",3,1997,105.1,110.7,102.3,105.6,99.8,98.4,104.2,105.1,106.4,105.6,106.8,107.9,104.1,105.1
"328",4,1997,105.4,111.2,102.8,105.9,100.3,98.8,104.7,105.5,106.9,106.3,107.3,108.6,104.7,105.7
"329",5,1997,104.7,110.8,102.4,105.6,99.9,98.5,104.2,105,106.4,105.8,106.8,108,104.3,105.1
"330",6,1997,105,111.6,103.1,106.3,100.7,99.3,105.1,105.8,107.5,107.1,107.9,109.2,105.5,106.3
"331",7,1997,106.6,114.2,105.2,108.6,103.1,101.2,107.7,108.9,110.5,110.2,110.9,112.3,108.1,108.9
"332",8,1997,108.7,116.9,107.2,111.2,105.2,103.2,110.1,111.5,113.3,113,113.5,115.1,110.6,111.5
"333",9,1997,108.3,116.6,106.4,110.8,104.2,102,109,111,112,111,112.1,113.3,108.8,109.7
"334",10,1997,108.2,116.8,106,111.1,103.6,101.4,108.4,110.5,111.5,109.9,111.3,112.3,107.9,108.7
"335",11,1997,108.7,116.4,105.6,110.4,103.2,100.9,107.8,110.1,110.5,108.8,110.5,111.4,107.1,107.9
"336",12,1997,112.4,120.4,107.9,114.3,105.6,102.8,110.7,113.8,114.2,111.7,113.5,114.4,109.5,110.4
"337",1,1998,115.8,125.7,110.4,119.8,108.2,104.9,113.9,117.8,118.9,114.9,117,117.8,111.9,113.2
"338",2,1998,114.2,123.4,109.4,117.8,107.2,104.3,112.7,115.7,117.2,114,115.7,116.6,111.3,112.5
"339",3,1998,113.9,123.4,109.4,118,107.3,104.7,112.8,115.3,117.4,114.3,115.8,116.7,111.7,112.8
"340",4,1998,113,121.9,108.9,116.2,106.7,104.2,112,114.2,116,113.5,114.9,115.7,111.3,112.1
"341",5,1998,113,121.8,108.3,116.3,105.9,103.4,111.3,113.4,115.3,112.2,113.9,114.5,110.3,111
"342",6,1998,114.9,124.7,109.8,119.2,107.6,104.7,113.1,115.5,117.6,113.9,115.8,116.3,111.8,112.6
"343",7,1998,115,124.9,110.2,119.3,107.9,105,113.4,115.6,117.8,114.3,116.2,116.6,112.2,113
"344",8,1998,115.6,124.7,110.6,118.4,108.1,105.1,113.4,115.6,117.3,114.2,116.1,116.5,112.5,113.1
"345",9,1998,114.4,121.7,107.9,115.2,105.4,102.3,110.2,112.2,112.9,109.8,112.2,112.3,109,109.5
"346",10,1998,111.5,118.1,105.8,111.6,102.9,100.2,107.3,109,109.1,106.4,109,108.9,106.2,106.4
"347",11,1998,111.8,118.5,106.9,112.1,103.9,101.5,108.4,110,110.5,108.1,110.3,110.4,107.6,108
"348",12,1998,111.6,118.5,106.7,112,103.7,101.4,108.2,109.8,110.1,107.8,110,110.1,107.6,107.6
"349",1,1999,113.5,121.6,110.2,117.1,106.5,105.9,111.1,112.5,112.5,109.4,112.3,111.6,110.7,109.5
"350",2,1999,115.9,125.8,115.3,123.6,110.8,112.2,115.6,116.8,116.5,113,116.4,115,116,113.2
"351",3,1999,118,128.1,117.1,125.4,112.8,113.9,117.8,119,119,115.7,118.8,117.6,118.4,115.6
"352",4,1999,118.9,128.1,116.7,124.4,112.9,113.2,118.1,119.5,120,117.2,119.6,119.1,118.5,116.6
"353",5,1999,118.8,127.7,116.5,124,112.9,113.3,118,119.4,120,117.5,119.8,119.3,118.5,116.8
"354",6,1999,119.8,129.6,118.7,126,114.9,115.7,120.1,121.5,122,119.9,122.1,121.5,121.1,119.1
"355",7,1999,120.2,130.1,119.4,126.4,115.5,116.3,120.7,122.1,122.5,120.5,122.7,122.1,121.8,119.7
"356",8,1999,119.2,129.7,118.9,126.6,114.8,115.8,119.8,121.2,121.3,118.6,121.4,120.4,120.7,118.1
"357",9,1999,119.9,131.5,120,128.6,116.1,117,121.2,122.8,123,120,122.8,121.8,121.9,119.3
"358",10,1999,118.8,130.3,119.2,127.3,115.1,116.2,119.9,121.4,121.1,118.3,121.4,120.1,120.7,117.9
"359",11,1999,120.2,132.1,120.7,128.5,117,117.9,122,123.3,123.6,121.4,124,123,123.2,120.6
"360",12,1999,120.7,132.6,121.1,128.5,117.5,118.2,122.8,124.1,124.9,123.1,125.1,124.5,124.1,121.9
"361",1,2000,119,123.9,119.9,122.8,116,117.2,121,122.3,124.2,122.5,121.5,123,123.4,120.8
"362",2,2000,121.4,126.3,122.1,124.9,118.4,119.3,123.7,125,127.3,126.1,124.4,126.3,126.5,124
"363",3,2000,122.9,128,123.7,126.4,120.2,120.8,125.7,126.9,129.7,128.6,126.6,128.6,128.6,126.3
"364",4,2000,123.7,129.4,125.1,127.8,121.7,122.3,127.2,128.4,131.4,130.5,128.2,130.3,130.4,127.9
"365",5,2000,126.9,133.6,129,132.2,125.8,126.3,131.7,132.7,136.4,135.8,132.9,135.2,135.5,132.8
"366",6,2000,124.7,131,126.3,129.8,122.9,123.4,128.4,129.7,132.7,131.3,129.3,131.2,131.5,128.9
"367",7,2000,125.5,131.9,126.8,130.4,123.6,123.8,129.2,130.7,133.9,132.6,130.3,132.4,132.3,129.9
"368",8,2000,127,133.8,129,132,126,126.3,131.9,133.3,137,136.4,133.4,135.9,135.5,133.1
"369",9,2000,129.5,137.4,132.2,135.4,129.4,129.5,135.6,137.1,141.2,141,137.4,140,139.8,137.3
"370",10,2000,131.2,139.8,134.4,137.7,131.7,131.6,138,139.6,143.8,143.8,139.9,142.6,142.6,139.8
"371",11,2000,131.5,140.2,135.2,138.6,132.2,132.4,138.5,140,144.1,143.8,140.1,142.6,143.1,140
"372",12,2000,129,136.3,131.7,135.1,128.3,128.9,134.2,135.9,139.1,138,135.3,137.4,137.9,134.9
"373",1,2001,127.7,133.4,129.4,132.7,125.6,126.2,131.3,133.2,135.6,133.8,131.9,133.6,134.2,131.4
"374",2,2001,129,135.2,131.1,134.7,127.5,128.1,133.3,135,137.7,135.9,134,135.6,136.5,133.5
"375",3,2001,130.8,137.5,133.2,137.2,129.5,130,135.5,137.3,140,137.8,136.2,137.6,138.8,135.4
"376",4,2001,132.6,140,135.4,140.4,131.7,132.4,137.9,139.8,142.9,140.2,138.7,139.9,141.3,137.6
"377",5,2001,133.3,141.3,137.3,142.4,133.3,134.9,139.7,141.6,144.7,142.2,140.5,141.7,143.4,139.4
"378",6,2001,134.8,143.4,139.4,144.8,135.6,137.5,142.1,143.9,147.5,145.2,143.2,144.4,146.4,142.1
"379",7,2001,134.4,142.9,139.1,144.3,135.3,137.1,141.5,143.3,146.5,144.3,142.6,143.5,146,141.4
"380",8,2001,131.3,138.8,136.1,140.2,131.8,133.9,137.6,139.3,141.4,139,138.2,138.7,141.5,136.8
"381",9,2001,131.4,139.5,137,141.5,132.4,134.8,138,139.5,141.2,138.3,138.1,138.1,141.9,136.5
"382",10,2001,131.8,140.3,137.6,142.6,132.9,135.4,138.6,140.1,142,138.7,138.8,138.5,142.4,137
"383",11,2001,132.3,140.4,137.5,141.7,133.1,134.8,138.9,140.4,142.9,140.3,139.5,139.8,142.7,138.1
"384",12,2001,131.6,138.3,135.1,138.7,131,132,136.7,138.4,140.9,138.7,137.7,138.3,140.3,136.5
"385",1,2002,132.5,140.4,138.6,141.6,135.7,137.2,139.5,140.5,141.9,140.4,139.9,139.6,142.9,138.8
"386",2,2002,133.9,143.4,142.6,145.6,141.4,143.3,143.2,143.4,143.9,143.1,143.2,141.9,146.6,142
"387",3,2002,133.6,143.2,143,145.6,142.7,144.5,143.3,143.2,143.1,142.6,143.1,141.4,146.2,141.9
"388",4,2002,133,142.4,142.8,144.9,142.6,144.7,142.7,142.5,141.9,141.5,142.2,140.3,145.3,141
"389",5,2002,130.5,140.6,142,144.5,141.9,144.9,140.9,140.4,138.7,137.7,139.6,136.9,143.1,138.1
"390",6,2002,128.3,138.7,140.9,144.1,140.5,144.6,138.8,138.1,135.5,133.7,136.9,133.4,140.5,134.8
"391",7,2002,126.2,137.3,139.3,143.1,138.2,142.8,136.6,135.9,132.7,130.2,134.3,130.2,138.3,131.8
"392",8,2002,127.7,139.5,141.7,145.5,140.3,145.3,138.8,138.1,134.8,132.4,136.4,132.1,141,133.9
"393",9,2002,127.9,139.9,142.6,146.6,140.8,146.4,139.1,138.5,134.7,132,136.4,131.7,141.4,133.8
"394",10,2002,128.6,141.1,144.9,149.5,142.3,149.4,140.6,139.8,135.6,132.4,137.3,132.1,143,134.4
"395",11,2002,127.1,138.4,141.8,145.6,139.2,145.6,137.9,137.4,133.6,130.6,134.9,130.4,140,132.3
"396",12,2002,125,135.6,139.2,142.7,136.2,142.6,134.9,134.7,130.4,127.2,131.7,127.3,136.7,129.1
"397",1,2003,122.6,131.8,134.5,137.9,131.3,136.8,130.5,130.5,126.5,122.7,127.5,123.4,131.5,124.8
"398",2,2003,122.7,131.4,134.1,137.9,130.6,136.4,129.8,130.2,125.8,121.7,126.7,122.6,130.7,123.9
"399",3,2003,123,130.9,132.9,136.9,129.6,134.8,129.1,129.7,125.5,121.4,126.2,122.4,129.8,123.5
"400",4,2003,121.9,128.5,129.9,133.1,126.6,130.8,126.7,127.5,123.9,120.3,124.2,121.2,127.2,121.8
"401",5,2003,117.5,122.5,123.8,126.6,120.3,124.3,120.3,121.5,117.4,113.5,117.8,114.8,120.2,115.4
"402",6,2003,117,121.5,122.5,125.4,119.3,123.1,119.2,120.3,116.4,112.6,116.9,114,119,114.4
"403",7,2003,118.4,123.3,124.3,127.1,121.1,124.8,121.2,122.2,118.5,115,119,116.3,121.2,116.7
"404",8,2003,120,125.7,126.9,129.9,123.9,128,123.7,124.5,120.8,117.5,121.4,118.5,124,119.1
"405",9,2003,119.1,124.6,125.6,128.6,122.7,126.6,122.6,123.3,119.8,116.5,120.3,117.5,122.8,118.1
"406",10,2003,116.1,120.9,121.7,124.9,118.6,122.6,118.5,119.3,115.7,112.1,116.1,113.4,118.3,113.9
"407",11,2003,115.5,120.4,121.4,124.8,118.2,122.5,118.1,119,115.2,111.6,115.7,113,117.8,113.3
"408",12,2003,112.6,116.9,118.3,121.6,114.9,119.4,114.4,115.3,111,107,111.6,108.7,113.5,109.1
"409",1,2004,111.1,114.9,116.3,119.3,112.6,117.1,112.2,113.3,108.9,104.8,109.5,106.6,111.1,106.9
"410",2,2004,111.2,115.2,117,120,113.1,117.9,112.6,113.6,109,104.8,109.7,106.7,111.5,107
"411",3,2004,113.2,117.4,118.9,121.9,115.2,119.8,114.9,115.9,111.6,107.8,112.2,109.4,114.2,109.7
"412",4,2004,114,118.6,120.1,122.9,116.4,120.8,116.3,117.1,113.3,109.7,113.7,111.1,115.8,111.4
"413",5,2004,115.6,120.5,122.2,125.5,118.4,123.1,118.1,118.9,114.7,110.6,115.3,112.1,117.6,112.7
"414",6,2004,114.9,120.1,121.7,125.2,117.9,122.8,117.6,118.4,114.2,109.9,114.7,111.4,117,111.9
"415",7,2004,113.7,118.3,119.9,123.2,116.2,121,115.9,116.9,112.6,108.4,113.1,110,115.1,110.5
"416",8,2004,114.1,118.6,120,123.4,116.6,121.1,116.2,117.2,113.1,108.9,113.6,110.5,115.4,110.9
"417",9,2004,113.7,117.8,118.9,122.3,115.8,119.8,115.5,116.6,112.6,108.5,113,110.1,114.5,110.5
"418",10,2004,112.3,116,117.2,120.6,113.9,118.1,113.7,114.9,110.8,106.5,111.1,108.3,112.5,108.5
"419",11,2004,109.3,112.6,113.8,117.1,110.5,114.7,110.1,111.4,107.3,102.8,107.6,104.7,108.6,104.9
"420",12,2004,106.7,109.7,111.1,113.9,107.5,111.6,107.1,108.4,104.1,99.7,104.4,101.7,105.4,101.8
"421",1,2005,107.4,110.2,111.6,114.2,108.1,112,107.8,109,105.1,100.9,105.3,102.7,106.4,102.9
"422",2,2005,108.1,110.8,112.1,114.5,108.6,112.3,108.6,109.7,106.1,102.1,106.2,103.9,107.1,104
"423",3,2005,107.7,110.4,112,114.6,108.2,112.3,108.2,109.4,105.6,101.2,105.7,103.1,106.6,103.3
"424",4,2005,109.4,111.8,113.1,115.5,109.5,113,109.6,110.9,107.4,103.3,107.3,105.1,108.1,105.1
"425",5,2005,109.9,112.3,113.2,115.3,109.9,112.9,110.2,111.5,108.3,104.6,108.2,106.3,108.7,106.1
"426",6,2005,112,114.5,115.3,117.4,112.3,115.1,112.8,114.1,111.5,108.1,111.3,109.7,111.6,109.2
"427",7,2005,113.1,115.5,115.8,118,113.1,115.6,113.8,115.2,112.8,109.6,112.4,111,112.8,110.5
"428",8,2005,111.8,114.1,114.4,116.8,111.6,114.3,112.2,113.6,111.1,107.8,110.7,109.2,111.1,108.7
"429",9,2005,112.8,114.8,114.8,117.5,112.3,114.8,113,114.4,112,108.7,111.5,110.1,111.7,109.6
"430",10,2005,114.2,115.7,115.9,117.9,113.7,116,114.3,115.6,113.4,110.6,113,111.9,113.3,111.3
"431",11,2005,114.5,115.7,115.9,117.6,113.7,115.8,114.5,115.9,113.9,111.5,113.5,112.6,113.7,111.9
"432",12,2005,113.2,114.7,115.2,116.9,112.9,115.5,113.6,115.1,112.9,110.4,112.4,111.5,112.9,110.8
"433",1,2006,112.1,113.6,114.4,115.6,111.9,114.6,112.6,113.9,111.7,109.3,111.4,110.4,112,109.9
"434",2,2006,112.5,113.7,114.3,115.2,112.2,114.4,112.9,114.2,112.3,110.2,112,111.2,112.4,110.6
"435",3,2006,112.6,113.7,114.2,115,112.1,114.1,112.8,114,112.1,110.1,111.8,111.1,112.4,110.5
"436",4,2006,111.8,112.6,113,113.9,110.9,112.9,111.5,112.6,110.7,108.7,110.4,109.6,111.1,109.2
"437",5,2006,109.5,110.4,110.9,112.4,108.6,111,109,110.2,107.9,105.2,107.8,106.6,108.1,106.1
"438",6,2006,111,112.3,112.4,114.4,110.3,112.6,110.6,111.7,109.4,106.7,109.5,108,109.8,107.6
"439",7,2006,110.9,111.9,112.1,113.7,110,112.1,110.3,111.4,109.2,106.6,109.3,107.9,109.5,107.5
"440",8,2006,110.1,110.7,111.1,112.5,108.8,111.1,109.2,110.3,108,105.4,108,106.7,108.2,106.3
"441",9,2006,109.8,110.5,110.9,112.3,108.7,110.9,109.1,110.1,108,105.4,108,106.7,108.2,106.3
"442",10,2006,109.6,110.1,110.5,111.6,108.4,110.4,108.8,109.7,107.9,105.6,107.9,106.7,108.1,106.3
"443",11,2006,107.8,108.1,108.8,109.8,106.4,108.6,106.8,107.7,105.7,103.3,105.7,104.5,106,104.2
"444",12,2006,106,106.1,107.1,107.8,104.3,106.7,104.7,105.7,103.5,100.9,103.5,102.3,103.8,101.9
"445",1,2007,107.3,107.3,108.3,108.8,105.6,107.8,106.1,107,104.9,102.6,105,103.8,105.3,103.5
"446",2,2007,107.2,107,107.8,108.3,105.3,107.2,105.7,106.7,104.6,102.3,104.7,103.6,104.9,103.2
"447",3,2007,107,106.6,107.5,108.1,104.9,106.8,105.3,106.2,104.1,101.7,104.2,103,104.3,102.7
"448",4,2007,105.8,104.8,105.6,106.2,103,104.9,103.4,104.3,102.2,99.7,102.3,101.1,102.2,100.8
"449",5,2007,105.8,104.4,105.1,105.6,102.7,104.5,103.1,104,102.1,99.9,102.2,101.1,102.1,100.9
"450",6,2007,106.1,104.5,104.9,105.6,102.8,104.5,103.2,104.2,102.5,100.4,102.5,101.6,102.2,101.2
"451",7,2007,104.2,102.5,102.9,103.6,100.8,102.5,101.2,102.1,100.4,98.3,100.5,99.6,100,99.1
"452",8,2007,104.3,103.6,103.8,104.8,101.8,103.5,102.1,102.9,101.2,99,101.3,100.2,101.1,99.9
"453",9,2007,102.8,101.8,101.8,102.8,100,101.5,100.2,101.2,99.4,97.2,99.5,98.4,99.2,98.1
"454",10,2007,100.6,99,99.1,100,97.3,98.8,97.5,98.6,96.8,94.7,96.8,96,96.2,95.5
"455",11,2007,98.8,97.2,97.3,98.2,95.4,96.8,95.5,96.6,94.7,92.4,94.7,93.7,94.1,93.4
"456",12,2007,98.9,97.3,97.6,98.2,95.6,97,95.8,96.8,94.9,92.7,94.9,94,94.5,93.7
"457",1,2008,98.2,96.8,97.2,97.7,95.2,96.5,95.4,96.3,94.5,92.3,94.5,93.6,94.1,93.3
"458",2,2008,97.4,95.9,96.3,96.8,94.5,95.7,94.7,95.6,93.9,91.8,93.9,93,93.3,92.7
"459",3,2008,94.9,93.2,93.7,94.2,91.7,92.9,91.7,92.6,90.6,88.1,90.6,89.5,90,89.4
"460",4,2008,94.3,92.4,93,93.4,91,92.1,91,91.8,89.8,87.3,89.8,88.7,89.2,88.6
"461",5,2008,95.2,93,93.5,94,91.6,92.7,91.7,92.6,90.8,88.4,90.6,89.6,89.9,89.5
"462",6,2008,95.6,93.3,93.7,94,91.7,92.6,92,93.1,91.3,88.9,91.1,90.2,90.2,90
"463",7,2008,94.8,92.4,92.7,92.9,90.8,91.6,91,92.2,90.4,88,90.2,89.3,89.3,89.1
"464",8,2008,97.1,95.2,95.4,95.2,93.6,94.2,94,95.2,93.6,91.8,93.4,92.7,92.7,92.4
"465",9,2008,100,99,99.2,99.5,97.6,98.5,98,99,97.5,95.7,97.2,96.3,97.2,96.3
"466",10,2008,104.9,106.5,106.8,107.5,105.4,106.4,105.4,105.7,104.4,102.7,104.5,102.9,105.6,103.5
"467",11,2008,106.4,109.5,108.9,110.4,108,108.7,108.1,108.2,107.4,105.8,107.2,105.6,108.7,106.4
"468",12,2008,103,105.8,105.7,107.1,104.2,105.2,103.9,104.1,102.3,100.1,102.4,100.3,104.1,101.4
"469",1,2009,105.2,107.8,107.2,108.7,106.3,106.8,106.1,106.2,104.8,103,104.8,103.1,106.4,104.1
"470",2,2009,108.6,111.3,109.8,111.8,109.5,109.5,109.3,109.1,108,106.7,108.1,106.5,109.9,107.5
"471",3,2009,108.5,110.9,109.7,111.6,109.1,109.2,108.7,108.7,107.1,105.3,107.2,105.3,108.8,106.5
"472",4,2009,106.3,108,107.3,108.6,106.6,107,106.3,106.4,104.8,103.3,104.9,103.4,106.2,104.2
"473",5,2009,103.4,104.5,103.8,105,103.3,103.6,102.8,103.1,101.5,100,101.6,100.2,102.5,100.9
"474",6,2009,102.4,102.7,101.9,103.1,101.4,101.7,100.9,101.2,99.5,97.9,99.8,98.5,100.2,98.9
"475",7,2009,101.7,102,101.4,102.3,100.8,101.1,100.3,100.7,99,97.5,99.3,98,99.6,98.5
"476",8,2009,100.7,100.4,99.8,100.5,99.2,99.4,98.7,99.1,97.5,96,97.8,96.6,97.7,97
"477",9,2009,99.3,98.9,98.5,99.2,97.9,97.9,97.3,97.8,96.1,94.3,96.3,95.2,96,95.5
"478",10,2009,97.7,96.9,96.5,97,95.9,95.8,95.4,95.9,94.2,92.6,94.5,93.5,93.9,93.8
"479",11,2009,97.1,96.1,95.8,96.2,95.1,95,94.6,95.1,93.5,91.9,93.7,92.8,93.2,93
"480",12,2009,97.7,97,96.6,97,95.9,95.9,95.6,96.1,94.7,93.3,94.8,94.1,94.5,94.2
"481",1,2010,98.5,97.9,97.8,98,97.2,97.4,96.9,97.3,96.2,95.2,96.4,95.8,96.1,95.9
"482",2,2010,100.2,100.3,100.3,100.6,99.9,100.1,99.7,99.9,99.2,98.4,99.3,98.7,99.3,98.9
"483",3,2010,100,99.7,99.6,99.9,99.3,99.4,99.3,99.6,99.1,98.5,99.1,98.7,98.9,98.9
"484",4,2010,99.9,99.5,99.5,99.6,99.4,99.5,99.4,99.6,99.3,99,99.3,99.2,99.1,99.2
"485",5,2010,103.5,103.9,103.7,103.8,104,103.8,104.1,104,104.5,104.9,104.4,104.6,104.5,104.6
"486",6,2010,104.8,105.4,105.1,105.2,105.7,105.5,105.9,105.7,106.5,107.3,106.4,106.8,106.7,106.7
"487",7,2010,102.1,102.3,102.2,102.1,102.5,102.3,102.5,102.5,102.8,103.2,102.8,103,102.9,102.9
"488",8,2010,100.9,101.1,101.3,101.1,101.4,101.4,101.5,101.3,101.6,102,101.7,101.9,101.8,101.8
"489",9,2010,99.7,99.7,99.9,99.7,100,99.9,100.1,99.9,100.2,100.6,100.2,100.4,100.3,100.4
"490",10,2010,96,95.7,95.9,95.6,95.7,95.7,95.6,95.5,95.4,95.3,95.4,95.4,95.3,95.5
"491",11,2010,96.5,96.3,96.7,96.5,96.5,96.7,96.5,96.3,96.4,96.5,96.4,96.5,96.4,96.5
"492",12,2010,97.7,97.8,97.9,97.7,98,98.1,98.1,97.9,98.4,98.9,98.4,98.7,98.3,98.5
"493",1,2011,96.8,97.1,97.2,97.1,97.5,97.3,97.6,97.4,98,98.3,97.9,98.2,97.6,98
"494",2,2011,95.8,95.9,96,96,96.3,96.1,96.2,96.2,96.4,96.5,96.5,96.6,96,96.3
"495",3,2011,94.9,94.7,94.8,94.8,95,94.8,94.9,95,94.9,94.9,95,95.1,94.6,94.9
"496",4,2011,93.4,92.5,92.7,92.6,92.8,92.6,92.6,92.7,92.6,92.4,92.6,92.7,91.9,92.5
"497",5,2011,93.6,93.1,93.4,93.3,93.5,93.4,93.3,93.4,93.3,93.1,93.4,93.4,92.7,93.2
"498",6,2011,93.3,92.8,93,92.8,93.1,92.8,92.9,93,93,92.8,93.1,93.1,92.3,92.8
"499",7,2011,93.1,92.7,92.8,92.7,93.2,92.8,93.1,93.1,93.3,93.3,93.4,93.6,92.5,93.2
"500",8,2011,93.1,93,93,93,93.5,93,93.2,93.1,93.2,93,93.4,93.4,92.6,93.1
"501",9,2011,96,96.6,96.5,96.9,97.2,96.8,96.9,96.5,96.8,96.9,97,97,96.7,96.9
"502",10,2011,96.3,97.2,96.9,97.4,97.6,97.2,97.2,96.8,97.1,97.1,97.3,97.2,97,97.1
"503",11,2011,96.6,97.6,97.2,97.8,98.1,97.7,97.7,97.3,97.6,97.8,97.9,97.8,97.6,97.7
"504",12,2011,97.6,99.1,98.7,99.4,99.7,99.5,99.4,99,99.5,99.8,99.6,99.6,99.5,99.5
"505",1,2012,98.1,99.8,99.5,100.1,100.7,100.4,100.5,100.1,100.9,101.6,101,101.3,100.7,101
"506",2,2012,96.2,97.3,97.2,97.6,98.2,97.9,98,97.7,98.4,99,98.5,98.8,98,98.5
"507",3,2012,97,98,98,98.6,98.9,98.9,98.7,98.4,99.1,99.4,99.1,99.2,98.8,99
"508",4,2012,96.9,98.5,98.6,99.3,99.5,99.7,99.2,98.8,99.4,99.8,99.5,99.5,99.4,99.3
"509",5,2012,98.9,101.1,101.2,102.1,102.2,102.6,101.9,101.3,102.1,102.6,102.1,102.1,102.5,102
"510",6,2012,100.3,102.9,103,104.1,104.1,104.7,103.8,103.2,103.9,104.6,104,104,104.5,104
"511",7,2012,100.3,102.9,103.2,104.2,104.4,105,104.2,103.6,104.6,105.5,104.6,104.8,105,104.6
"512",8,2012,99.8,102.2,102.7,103.8,103.7,104.6,103.6,102.9,103.9,104.7,103.9,104,104.3,103.9
"513",9,2012,98.1,100.4,100.9,102,101.8,102.7,101.4,100.8,101.5,101.9,101.5,101.4,101.9,101.4
"514",10,2012,97.3,99.6,100.1,101.1,100.9,101.7,100.5,99.8,100.4,100.9,100.6,100.3,101,100.5
"515",11,2012,97.5,100,100.6,101.5,101.5,102.3,101.1,100.3,101,101.5,101.1,100.9,101.6,101
"516",12,2012,96.3,98.4,99.2,100.1,99.8,100.8,99.4,98.7,99.1,99.4,99.3,98.9,99.7,99.1
"517",1,2013,96.1,97.7,98.4,99.2,99.2,99.9,98.7,97.9,98.4,98.8,98.6,98.3,98.9,98.5
"518",2,2013,96.8,97.9,98.5,99,99.3,99.6,98.7,98,98.5,98.9,98.7,98.4,98.9,98.7
"519",3,2013,98.3,99.5,100.1,100.5,101,101.3,100.5,99.7,100.4,101.1,100.6,100.5,100.9,100.7
"520",4,2013,98,98.9,99.6,100.1,100.6,101.1,100,99.1,99.8,100.5,100,99.8,100.3,100.1
"521",5,2013,98.5,99.6,100.1,100.7,101.2,101.6,100.6,99.8,100.3,101.1,100.6,100.3,101.1,100.7
"522",6,2013,98.7,100.5,100.9,101.8,101.9,102.4,101.1,100.2,100.3,100.7,100.8,100,101.5,100.7
"523",7,2013,99.3,101.3,101.9,102.9,103,103.6,102.1,101.2,101.2,101.5,101.7,100.8,102.6,101.5
"524",8,2013,98.8,101.2,101.9,103.2,102.7,103.8,101.7,100.9,100.5,100.3,101,99.8,102,100.6
"525",9,2013,98.5,101,101.3,103.1,102.5,103.3,101.3,100.6,100.3,100,100.7,99.5,101.4,100.2
"526",10,2013,96.6,98.9,99.3,100.8,100.4,101,99.2,98.4,98.1,97.8,98.6,97.4,99,98.1
"527",11,2013,97.2,100,100.4,102,101.6,102.4,100.3,99.4,99,98.7,99.6,98.3,100.2,99.1
"528",12,2013,96.9,99.8,100.3,101.9,101.4,102.2,99.8,98.9,98.2,97.6,98.9,97.3,99.6,98.3
"529",1,2014,98,101.3,102,103.7,103.6,104.2,101.5,100.4,99.6,99.1,100.6,98.7,101.2,99.8
"530",2,2014,98.2,101.6,102.4,104,104.2,104.8,101.7,100.5,99.5,99,100.8,98.6,101.3,100
"531",3,2014,97.9,100.7,101.5,102.7,103.2,103.6,100.8,99.6,98.5,98.1,99.9,97.8,100.2,99.1
"532",4,2014,97.5,100.2,100.9,101.9,102.6,102.8,100.3,99.2,98.2,98,99.5,97.7,99.7,98.9
"533",5,2014,97.7,100.5,101.1,102.1,103,103.1,100.7,99.6,98.8,98.7,100,98.4,100.2,99.5
"534",6,2014,98.1,101.2,101.7,102.9,103.7,103.9,101.4,100.3,99.6,99.6,100.9,99.2,101,100.3
"535",7,2014,98.1,101,101.6,102.6,103.6,103.6,101.4,100.2,99.6,99.7,100.9,99.3,101,100.4
"536",8,2014,98.9,102,102.6,103.7,104.7,104.8,102.5,101.1,100.7,101,102,100.4,102.4,101.6
"537",9,2014,100.8,104.4,104.7,105.9,107.2,107.2,105,103.5,103.3,104,104.7,103.1,105.2,104.3
"538",10,2014,102,105.9,106.3,107.7,108.7,109,106.5,105,104.9,105.6,106.1,104.5,107.1,105.9
"539",11,2014,103.4,106.8,107.4,108.6,109.7,110.2,107.6,106,105.9,106.8,107.1,105.6,108.4,107
"540",12,2014,104.8,108.1,108.3,109.7,110.8,111.1,108.6,106.9,106.8,107.7,108.1,106.5,109.5,108
"541",1,2015,107.7,111.8,111.8,112.8,114.8,114.6,112.8,110.7,111.5,113.4,112.8,111.6,114.3,113
"542",2,2015,109.3,114,114.2,115.3,117.2,117.3,115.2,112.8,113.8,115.7,115.1,113.8,117,115.4
"543",3,2015,112.2,118,118.5,120.2,121.6,122.5,119.6,117,118.3,120.4,119.6,118.2,122.1,119.9
"544",4,2015,111.5,117.6,118.2,119.7,121.4,122.1,119.5,116.8,118.3,120.6,119.6,118.2,122,119.9
"545",5,2015,110,116,116.3,118.2,119.4,120.1,117.3,115.1,116,117.7,117.2,115.7,119.4,117.3
"546",6,2015,111,116.9,117,118.9,120.1,120.7,117.9,115.5,116.3,118.1,117.8,116,120.1,117.7
"547",7,2015,112.6,119,118.9,120.7,122.2,122.5,119.9,117.4,118.2,120.3,119.8,118,122.4,119.9
"548",8,2015,113.9,120.1,120.2,122.4,122.9,123.7,120.6,118.2,118.4,119.7,120.1,117.8,122.8,119.8
"549",9,2015,114.3,121.5,121.9,124.7,124.2,125.7,121.7,119.2,119.1,119.8,120.8,118,124,120.3
"550",10,2015,113.2,120.5,121.2,123.7,123.4,125,120.9,118.5,118.4,119.3,120.1,117.4,123.3,119.6
"551",11,2015,115.4,122.8,123.3,125.4,125.9,127.2,123.7,121.1,121.7,123.4,123.4,121.1,126.6,123.2
"552",12,2015,115.3,122.9,124.1,126,127,128.3,123.8,121,120.8,122.3,123,120.2,126.1,122.7
"553",1,2016,117.3,125.7,127.3,129.2,130.8,132.1,126.7,123.4,122.9,124.5,125.7,122.3,129,125.4
"554",2,2016,115.7,123.8,125.3,127.3,129.2,130.4,124.8,121.5,120.7,122.1,123.5,120.1,126.7,123.3
"555",3,2016,114.2,121.9,123.1,125.1,127.2,128,123,120.1,119.5,121.1,122.2,119.2,124.9,122
"556",4,2016,112.4,119.4,120.3,122.3,124,124.6,120.5,117.9,117.5,118.9,119.8,117.2,122.1,119.6
"557",5,2016,113.3,120,120.4,122.4,123.9,124.1,120.8,118.2,118.1,119.5,120.3,117.8,122.4,120.1
"558",6,2016,113.8,120.3,120.6,122.4,124.1,124.1,121.2,118.6,118.9,120.3,120.8,118.7,122.8,120.8
"559",7,2016,114.3,120.6,120.9,122.3,124.7,124.1,121.8,119.2,119.7,121.5,121.5,119.8,123.3,121.9
"560",8,2016,113.2,119.4,119.6,120.9,123.3,122.6,120.4,117.9,118.4,120,120.1,118.4,121.7,120.5
"561",9,2016,113.7,120.1,120.3,121.6,124,123.4,121,118.4,118.9,120.5,120.7,119,122.3,121
"562",10,2016,114.9,121,121.3,122.3,124.9,124,122.2,119.7,120.4,122.3,122,120.6,123.5,122.6
"563",11,2016,116.9,123.4,123.5,124.8,127.1,126.5,124.5,121.9,122.6,124.5,124.4,122.9,125.9,124.7
"564",12,2016,118.8,125.2,125.1,126.5,129,128.3,126.4,123.8,124.6,126.8,126.5,125.1,127.9,126.8
"565",1,2017,118.6,124.7,124.4,125.8,128.7,127.5,126,123.5,124.6,126.8,126.4,125.2,127.4,126.7
"566",2,2017,117.4,123.3,123,124.2,127,125.8,124.7,122.3,123.7,125.8,125.1,124.3,126,125.6
"567",3,2017,117.1,122.9,122.8,123.6,126.3,125.1,124.2,121.9,123.2,125.3,124.6,123.7,125.7,125
"568",4,2017,116.4,122.2,122.2,122.9,125.5,124.4,123.6,121.3,122.7,124.8,124,123.1,125.2,124.4
"569",5,2017,115.3,120.8,121.1,121.7,124,123.1,121.9,119.6,120.5,122.2,121.9,120.7,123.2,122.2
"570",6,2017,114.2,119.7,120.3,121.1,123,122.7,120.8,118.6,119.2,120.6,120.7,119.2,122.2,120.8
"571",7,2017,112.6,117.6,117.8,119.1,120.9,120.4,118.4,116.2,116.6,117.8,118.2,116.5,119.3,118.2
"572",8,2017,111.1,116,115.9,117.3,119,118.4,116.4,114.3,114.4,115.5,116.1,114.3,117.1,116.1
"573",9,2017,110.6,115.4,115.1,116.7,118.2,117.7,115.7,113.7,113.9,114.9,115.5,113.8,116.6,115.4
"574",10,2017,111.7,116.7,116.4,118,119.5,118.9,117,114.9,115.2,116.3,116.8,115,118,116.8
"575",11,2017,111.8,117,116.8,118.4,119.9,119.2,117.3,115.1,115.4,116.6,117.1,115.3,118.5,117.1
"576",12,2017,110.8,115.9,115.8,117.3,118.7,118.2,116.2,113.9,114.2,115.2,115.8,114,117.3,115.8
"577",1,2018,107.4,113.6,113,114.9,117,116.6,113.5,111.3,111.7,112.6,113.1,111.4,114.5,113.3
"578",2,2018,106.6,113.3,112.7,114.9,116.8,116.6,113.2,110.9,111.1,111.7,112.4,110.5,113.9,112.5
"579",3,2018,106.9,113.8,113.4,115.6,117.5,117.5,113.7,111.3,111.4,112,112.8,110.8,114.4,112.8
"580",4,2018,107.5,114.5,114,116.7,118.2,118.5,114.4,112,112,112.6,113.4,111.3,115.3,113.3
"581",5,2018,110.7,119.1,118.7,121.9,124.1,124.7,119.2,116.2,116.3,117,118,115.5,120.3,118
"582",6,2018,112.1,121.1,121,124.2,126.9,127.7,121.3,118,118,118.8,120,117.2,122.3,120
"583",7,2018,112.9,121.5,121.6,124.7,127.3,128.3,121.6,118.5,118.2,118.8,120.2,117.3,122.4,120
"584",8,2018,114.1,123.2,123.4,127.1,129.8,131.1,123.5,120.1,120,120.2,122.1,118.9,124.2,121.7
"585",9,2018,114.2,124.7,125.2,129.5,133,135.2,124.9,120.9,120.2,120.2,122.8,118.8,125,122.1
"586",10,2018,114.4,120.5,119.3,122.6,121.4,121,120.3,118.9,119.9,119.9,120.3,118.8,122.2,119.8
"587",11,2018,114.6,120.7,119.8,122.8,121.8,121.4,120.7,119.1,120.2,120.5,120.7,119.3,122.7,120.4
"588",12,2018,114.1,120.3,119.7,122.6,121.7,121.5,120.4,118.8,119.8,120.1,120.3,118.8,122.7,120.1
"589",1,2019,113.8,123.5,123.7,126.3,130.6,131.5,124,120.2,120.2,121.3,122.5,119.4,124.8,122.8
"590",2,2019,113.9,123.5,123.8,126.4,130.9,131.8,124.3,120.4,120.4,121.7,122.8,119.8,125.2,123.2
"591",3,2019,114.5,124.7,125.1,127.9,132.7,133.7,125.4,121.2,121.2,122.5,123.8,120.5,126.3,124.1
"592",4,2019,115.1,125.5,125.9,128.8,133.8,134.9,126.2,122.1,121.9,123.3,124.6,121.2,127.2,124.9
"593",5,2019,115.2,125.8,126.3,129.4,134.3,135.7,126.6,122.5,122.2,123.5,124.9,121.3,127.6,125.1
"594",6,2019,115.3,125.9,126.3,129.5,134.5,136.1,126.7,122.6,122.2,123.5,124.9,121.3,127.7,125.1
"595",7,2019,115.4,126,126.4,129.6,134.7,136.4,126.8,122.7,122.1,123.5,124.9,121.2,127.8,125.2
"596",8,2019,115.5,126.2,126.6,129.9,135.1,137,126.9,122.8,122.1,123.4,124.9,121.1,127.9,125.1
"597",9,2019,115.5,126.2,126.6,129.9,135.2,137.4,126.9,122.8,121.9,123.2,124.7,120.9,127.9,125
"598",10,2019,115.4,126.1,126.6,129.9,135.3,137.6,126.8,122.7,121.6,122.9,124.4,120.5,127.7,124.8
"599",11,2019,115.4,126.1,126.6,130.1,135.5,138,126.7,122.6,121.3,122.5,124.2,120.1,127.6,124.5
"600",12,2019,115.3,126,126.5,130.1,135.5,138.2,126.5,122.5,120.9,122,123.8,119.6,127.3,124
