"","Month","Year","U.S..agricultural.imports","Soybeans","Intermediates","Fish.Products","Cocoa.Paste....Butter","Coffee..Unroasted","Chocolate...Cocoa.Products"
"1",1,1970,103.3,90.1,96.7,121.3,104.3,61.8,106.9
"2",2,1970,103.6,91.1,97.2,121.4,104.6,62.1,107.3
"3",3,1970,104.1,94.6,98.1,122.4,104.4,62.3,107.4
"4",4,1970,105.1,95.4,98.7,124.4,106.5,62.5,108.5
"5",5,1970,105.6,96,99.1,125.3,108.4,62.7,109.6
"6",6,1970,104.7,95.3,98.2,124.6,106.7,62.4,107.8
"7",7,1970,104.9,94.8,98,124.9,106.8,62.7,107.6
"8",8,1970,105,94.6,97.6,126.5,106.7,62.5,107.2
"9",9,1970,105.1,94.7,97.8,126.5,107.5,62.7,107.7
"10",10,1970,105.5,95.1,98.1,126.9,108.1,63.1,108.4
"11",11,1970,105.5,94.9,98.1,126.8,107.9,63.4,108.4
"12",12,1970,105.8,95,98.4,127.2,108.7,63.8,108.9
"13",1,1971,104.7,93.9,97.4,126.1,107.4,62.8,107.7
"14",2,1971,104.4,93.3,96.9,125.8,106.9,62.9,107.3
"15",3,1971,104.3,93.4,96.9,125.7,106.6,63,107.1
"16",4,1971,104,93.5,96.6,125.5,106.9,63.3,107
"17",5,1971,104.3,94,96.8,126.1,107,63.7,107
"18",6,1971,104.8,94.8,97.3,126.9,107.4,63.3,107.7
"19",7,1971,104.4,94.4,96.9,126.5,107.5,63.1,107.5
"20",8,1971,104.1,93.9,96.3,126.4,107.7,63.9,106.9
"21",9,1971,103.6,93.6,95.7,126,107.7,64.1,106.6
"22",10,1971,103,92.8,95,125.4,106.8,64.2,105.8
"23",11,1971,102.5,92.5,94.6,124.6,106.2,63.5,105.3
"24",12,1971,102,90.9,93.6,124.8,105.2,63.8,104.7
"25",1,1972,101.2,89,92.4,123.5,103.8,63.5,103.6
"26",2,1972,101,88.8,92,123.4,102,63.9,102.6
"27",3,1972,100.4,88.5,91.5,122.3,101.2,64,102
"28",4,1972,100,88.6,91.2,121.9,100.8,63.3,101.6
"29",5,1972,99.7,88.8,91.1,121.5,100.8,63.5,101.4
"30",6,1972,99.4,88.5,90.8,121.5,100.6,63.2,101
"31",7,1972,99,88.2,91.1,120.5,101.2,63.4,101.2
"32",8,1972,98,87.6,90.4,118.6,101.1,63.4,100.9
"33",9,1972,99.1,87.4,90.9,121.1,101,63.1,100.7
"34",10,1972,98.7,87.7,91,120.1,100.7,63.4,100.7
"35",11,1972,98.3,87.2,90.9,119.1,99.4,63.2,100
"36",12,1972,97.6,87.1,90.5,117.6,98.6,63.1,100.1
"37",1,1973,97,86.3,89.9,117.4,98.4,62.6,99.6
"38",2,1973,94.7,83.9,87.4,114.8,93.6,61.8,96.5
"39",3,1973,92.9,82.5,85.8,111.8,90.2,61,94.7
"40",4,1973,92.4,82.1,85.3,111.2,89.7,60.5,94.3
"41",5,1973,91.4,81.3,84.3,109.8,88.3,60,93.5
"42",6,1973,90,80.3,82.8,107.8,84.1,59.8,90.9
"43",7,1973,88.1,77.4,81,105.8,80,58.5,87.8
"44",8,1973,88.9,77.7,82,106.3,82,60.2,89.6
"45",9,1973,88.1,77,81.8,105.5,81.2,59.4,88.9
"46",10,1973,85.9,76.5,80.5,101.2,80.8,59.3,88.5
"47",11,1973,91.5,77.5,83.4,111.7,82.6,59.2,89.8
"48",12,1973,91,77.3,83.6,110.7,83.5,59.5,90.2
"49",1,1974,91.5,78,84.6,110.9,85.7,58.4,91.2
"50",2,1974,90.2,76.9,83.2,108.7,83.8,58.9,89.6
"51",3,1974,89.2,75.7,82,107.4,82,58.3,88.4
"52",4,1974,87.7,74.8,80.5,105.4,80.4,57,87.1
"53",5,1974,87.7,74.3,79.9,105.4,79.8,57.4,86.3
"54",6,1974,87.7,74.8,80.1,105.4,80.7,57.7,86.9
"55",7,1974,88.2,74.8,80.3,106.6,80.4,57.9,86.9
"56",8,1974,88.7,75.3,81,107.1,81.3,58.6,87.7
"57",9,1974,89.2,75.8,81.6,107.3,81.9,58.9,88.5
"58",10,1974,89.2,75.7,81.3,107.7,81.1,58.3,87.6
"59",11,1974,88.1,75,80.6,106.2,79.5,58.2,86.5
"60",12,1974,88.7,75,80.5,107.9,78.9,58.7,86
"61",1,1975,89.1,74.4,80.1,109.3,76.7,58.3,84.6
"62",2,1975,88.7,74.1,79.6,109,75.8,58.2,84.1
"63",3,1975,88.8,74.5,80,108.9,75,57.8,83.5
"64",4,1975,89.1,75,80.3,109.4,75.3,57.7,84
"65",5,1975,89,74.9,80.1,109.8,74.6,57.6,83.6
"66",6,1975,89.4,75.9,81.1,110.2,74.8,57.6,83.5
"67",7,1975,91.1,77.2,82.9,112.8,77.2,58.2,85.4
"68",8,1975,92.2,79.4,84.5,114,79.7,58.5,86.7
"69",9,1975,92.7,80,85.2,114.2,80.1,58.2,87
"70",10,1975,92.8,80.4,85.4,114.5,79.9,58.4,86.7
"71",11,1975,92.6,80.3,85.2,114.3,80,58.8,86.4
"72",12,1975,92.8,80.1,85.5,114.6,80.2,59.1,86.6
"73",1,1976,92,79.6,84.3,114.1,78.9,58.3,85.4
"74",2,1976,91.3,79.9,84,113.4,78.5,57.6,84.6
"75",3,1976,90.9,79.8,84,112.5,78.9,57.5,84.6
"76",4,1976,90.9,80.2,84,112.4,78.8,57.7,84.4
"77",5,1976,90.8,79.6,84.1,112.6,78.8,57.7,84.4
"78",6,1976,90.6,79.2,84.1,112.3,78.7,57.5,84.3
"79",7,1976,89.8,78.6,83.3,111.1,78.6,57.3,84.1
"80",8,1976,89.8,78.7,83.6,111.1,78.2,57.1,84.3
"81",9,1976,94.4,78.7,86.4,111.5,77.8,58.3,89.3
"82",10,1976,93.8,78.6,86.1,111.1,77.6,58.3,88.7
"83",11,1976,95.4,78.7,87.1,111.5,77.3,58.6,90.5
"84",12,1976,94.4,79.8,86.8,111.9,76.6,58,88.1
"85",1,1977,93.7,79.1,85.7,111.4,75.7,57.5,87.4
"86",2,1977,95.3,79.8,87,112.6,76,57.5,89
"87",3,1977,95,80.1,87.2,112.2,75.5,56.8,89.2
"88",4,1977,94.5,80.2,86.7,111.9,73.7,55.9,88.1
"89",5,1977,94,79.8,86.3,111.3,72.8,55.6,87.3
"90",6,1977,94.2,80.1,86.6,111.6,72.2,55.4,87.3
"91",7,1977,93.7,80,86.1,111,71.4,55.3,86.6
"92",8,1977,93.7,80.1,86.1,110.9,71.3,55.4,86.7
"93",9,1977,93.4,79.5,85.8,110.8,71.7,55.3,86.6
"94",10,1977,93.1,79.5,85.5,110.4,71.4,55.2,86.5
"95",11,1977,93,79.1,85.2,110.6,71,55.3,86.4
"96",12,1977,92.2,78.3,84.2,109.8,70,55.3,85
"97",1,1978,91.4,78.2,83.2,109,68.8,55.2,84.1
"98",2,1978,91.4,78.2,83.4,109.1,69,54.9,84.1
"99",3,1978,91.5,78.6,83.8,109.3,68.3,54.8,83.9
"100",4,1978,92,79.4,84.6,110.1,67.7,54.9,84.1
"101",5,1978,92.2,79.5,84.9,110.7,68.7,54.8,84.4
"102",6,1978,92.1,79.2,84.7,110.9,68.4,54.6,84.2
"103",7,1978,91.4,78.5,83.6,110.3,68.1,54.5,83.7
"104",8,1978,91,77.8,83.1,109.8,67.7,54.7,83.5
"105",9,1978,91.6,78.4,83.8,110.4,68.9,55.1,84.6
"106",10,1978,90.8,77.4,82.7,109.8,66.7,54.9,83.2
"107",11,1978,91.9,78.4,83.6,111.7,69,55.9,84.5
"108",12,1978,93.1,79.1,84.5,114.3,69.9,56.8,86.1
"109",1,1979,92.5,79.3,84,114.2,69.4,56.4,85.6
"110",2,1979,92.8,79.4,84.4,114.3,69.5,56.3,85.9
"111",3,1979,92.6,79.2,84.1,114.6,70.1,56.4,85.8
"112",4,1979,92.6,78.9,83.8,114.6,70.6,56.7,85.8
"113",5,1979,93.2,79.3,84.6,115.2,70.8,57.3,86.4
"114",6,1979,93.6,79.6,85,115.5,71,57.7,86.9
"115",7,1979,92.6,78.6,83.6,114.4,70.1,57.3,86
"116",8,1979,92.7,78.8,83.9,114.5,70.4,56.9,86.5
"117",9,1979,92.4,78.5,83.6,114.2,70.4,57,86.2
"118",10,1979,92.6,79.1,83.9,114.3,71.2,57.3,86.8
"119",11,1979,92.7,79.5,84.1,114.8,71.1,57.1,86.8
"120",12,1979,92.7,78.9,83.7,114.6,70.6,60.1,86.2
"121",1,1980,92.3,78.8,83.4,114.3,70.7,60.8,86
"122",2,1980,92.8,79.2,84,114.5,71.5,61.3,86.4
"123",3,1980,94.7,81.5,86.4,116.4,73.8,61.8,88.9
"124",4,1980,95,83.1,86.8,116.6,74.6,61.8,89.6
"125",5,1980,93.2,81.1,84.8,114.2,72.2,61.1,87.5
"126",6,1980,92.3,80.1,83.8,113.5,71,61.1,86.3
"127",7,1980,90.9,79.1,82.3,112.4,70,60.2,85.1
"128",8,1980,91.1,79.3,82.7,112.8,70.8,60.1,85.7
"129",9,1980,91,79.1,82.7,112.7,70.9,60.1,85.9
"130",10,1980,91.1,79.4,82.9,112.8,71.1,60.3,86.3
"131",11,1980,91.8,80.1,84,113.5,72.4,60.1,87.6
"132",12,1980,92.6,81.3,85.2,114.8,74.1,59.8,89
"133",1,1981,92.2,80.7,84.3,114.2,73.7,60.3,88.4
"134",2,1981,93.7,82.3,86.4,115.8,76.2,60.3,90.5
"135",3,1981,93.4,81.9,86,115.4,75.9,60.9,89.9
"136",4,1981,93.8,82.8,86.4,116,76.6,60.9,90.4
"137",5,1981,95,83.8,87.9,117.5,79,61.2,92.6
"138",6,1981,95.7,84.2,88.9,118.6,80.9,61.4,94
"139",7,1981,96.7,84.9,89.5,120.7,82.2,61.5,95.2
"140",8,1981,101.8,90.4,94.7,125.1,83,61.7,96.3
"141",9,1981,100.5,89.1,93,124.3,80.8,62.1,94.1
"142",10,1981,100.1,88.1,91.5,124,78.9,63.7,92.5
"143",11,1981,99.3,86.9,90.4,123.2,78,64.2,91.3
"144",12,1981,99.2,86.7,90.5,123,78.8,64.3,91.7
"145",1,1982,98.8,86.3,90.3,123.1,78.2,63.5,91.3
"146",2,1982,101.6,87.7,92.8,124.9,80.6,63.7,95.1
"147",3,1982,106.1,88.2,95.6,126,81.3,64.8,100.3
"148",4,1982,106,88.7,95.4,126.6,81.9,64.7,100.3
"149",5,1982,105.1,87.9,94.3,126.9,80.3,64,98.8
"150",6,1982,109.3,91.9,98.6,132.4,83.8,64.3,102.3
"151",7,1982,110.4,93,99.6,133.8,84.9,63.9,102.5
"152",8,1982,116.1,92.7,102.4,136.4,86,66,108.4
"153",9,1982,117.2,92.5,103,137.1,86.4,66.9,109.4
"154",10,1982,113.3,92.3,100.8,136.2,86.7,66.1,105.2
"155",11,1982,112.1,91.6,100,135.3,86.4,66.1,104.1
"156",12,1982,111.4,90.9,99,134.3,83.9,65.8,102.7
"157",1,1983,111.8,89.6,98.5,133.9,82,66.2,102.8
"158",2,1983,112.8,90,99.3,134.6,82.5,68.8,103.1
"159",3,1983,113.6,90.3,99.7,134.9,83.2,72.1,103
"160",4,1983,115.7,92.6,101.3,139.4,86.9,73.9,105.2
"161",5,1983,116,93,101.6,139.3,86.5,74.5,105.2
"162",6,1983,116.4,93.9,102.5,139.4,87.4,74.5,106
"163",7,1983,116.9,94.8,102.9,139.9,88.8,74.7,106.7
"164",8,1983,117.8,95.6,104,140.1,90.3,76.2,107.8
"165",9,1983,118.4,96,104.5,140.5,90.4,77,108.1
"166",10,1983,119,97.6,105.2,141,98.8,78.1,111.8
"167",11,1983,120,98,106.3,142.1,102,79.7,113.4
"168",12,1983,121,97.9,107.1,143.2,102.4,80.2,114
"169",1,1984,121.5,97.4,107.3,144.4,103,80.5,114.1
"170",2,1984,120.8,96.4,106.2,144.6,100.8,80.9,112.3
"171",3,1984,120.3,95.9,105.7,144.7,98.9,81.8,111.2
"172",4,1984,120.1,96.4,106.1,144.6,98.9,79.2,111.5
"173",5,1984,121,96.7,107,146.2,100.8,79.9,113.4
"174",6,1984,122.2,98.7,108.2,147.8,101.2,81.9,113.5
"175",7,1984,124,99.2,109.7,150.1,104.2,82.9,116
"176",8,1984,124.7,99.2,110.1,151.5,106.9,82.2,117
"177",9,1984,127.5,100.8,112.6,155.4,110.2,83.8,119.7
"178",10,1984,128.5,102.3,113.8,156.8,111.9,85.2,120.6
"179",11,1984,127.4,100.4,111.8,160.7,110.9,84.9,119.2
"180",12,1984,130.1,102.3,114.4,164,113.5,86.1,120.7
"181",1,1985,129.7,102.7,114.7,163.4,115.2,82.8,121.1
"182",2,1985,131.1,104,116.6,165,118.8,83.8,123.8
"183",3,1985,132.7,105.7,118.1,166.8,119.1,83.6,124.7
"184",4,1985,130.6,103.3,115.2,164.1,114.9,84.6,121.3
"185",5,1985,131.4,103.9,115.9,164.7,115.3,85.5,122.1
"186",6,1985,130.4,103.2,115.1,163.6,113.8,83.5,121.2
"187",7,1985,129.3,102.1,113.2,162.8,111.3,83,119.4
"188",8,1985,130.3,101.7,113.2,163.1,109.6,81.8,120.6
"189",9,1985,131.6,103,114.6,164.5,111.2,82.4,122.1
"190",10,1985,130.3,101.6,112.6,163.8,107.7,83,119.6
"191",11,1985,130.5,101.2,112.5,164.7,106.2,82.7,119
"192",12,1985,131.2,101.1,112.2,168.3,105.1,81.3,118.7
"193",1,1986,130.3,100.6,111.5,167.8,104.9,80.4,118.6
"194",2,1986,129.4,99.9,110.3,167.3,102.8,79.9,117.3
"195",3,1986,128.8,99.5,109.5,165.8,102.1,81.6,116.6
"196",4,1986,127.7,99.9,109,164.2,102.8,80.3,116.7
"197",5,1986,127.1,99.2,108.1,163.3,101.9,80.9,115.9
"198",6,1986,130,100.5,109.9,164.9,102.6,88.7,117
"199",7,1986,130.7,99.5,109.4,167.4,101.3,88.6,116
"200",8,1986,131.2,98.8,109.7,168.9,100.3,88,115.6
"201",9,1986,133.2,100,110.7,173.2,102.3,89.4,117.3
"202",10,1986,133.4,100.3,110.7,173.9,103.1,90,117.6
"203",11,1986,133,100.1,110.6,173.8,102.8,89.3,117.6
"204",12,1986,132.2,99.4,110,173.2,101.6,88.9,116.5
"205",1,1987,129.7,98,107.6,171.4,98.4,85,113.5
"206",2,1987,128.9,97,106.8,170.5,99.6,85.1,113.4
"207",3,1987,128.4,96.8,106.6,169.4,99.7,85,113.3
"208",4,1987,128.2,96.2,105.8,169.8,99.1,87.1,112.5
"209",5,1987,128.1,96.2,105.7,169.4,98.4,87.2,112.5
"210",6,1987,128.7,96.8,106.3,169.9,99.4,88.4,113.2
"211",7,1987,128.5,97.1,106.4,170,100.6,89.2,113.1
"212",8,1987,128.3,97.3,106.5,170,101.2,89.1,113.3
"213",9,1987,127.3,96.6,105.6,169.6,100.3,88,112.4
"214",10,1987,126.6,96.4,105.1,169.7,100,86.8,111.6
"215",11,1987,124.7,95.1,103.1,168,96.3,85.2,108.6
"216",12,1987,124.2,94,102.1,167.2,95.3,85.9,108.1
"217",1,1988,122.8,93.7,101.4,166.6,95.8,83.9,107.1
"218",2,1988,121.6,94,101.2,165.8,96.5,82.6,106.4
"219",3,1988,119.8,93.2,99.9,164.1,95.7,81.2,104.8
"220",4,1988,118.8,93.1,99.3,162.6,95.6,80.2,104.1
"221",5,1988,118.5,93.5,99.5,162,96,80.5,104.2
"222",6,1988,118.4,93.7,100,161.7,97.3,79.8,104.6
"223",7,1988,118.7,94.7,101,161.5,99.7,79,105.9
"224",8,1988,119.2,95.8,102.1,161.4,101.6,78.4,107.6
"225",9,1988,121.6,96.3,102.7,166.4,103.6,84,108.7
"226",10,1988,121.6,95.9,101.8,167.4,102.5,94.3,107.2
"227",11,1988,120.7,95.2,100.8,166.4,100.6,97.2,105.8
"228",12,1988,120,94.8,100.3,165.6,100.9,99.1,105.2
"229",1,1989,121.8,95.7,102,166,104.8,108.7,107.2
"230",2,1989,122.5,96.1,102.7,165.6,106,113.5,107.8
"231",3,1989,123.6,97.2,103.9,166.1,107.2,115.7,108.8
"232",4,1989,126,99.5,106,167.6,106.9,116.7,108.8
"233",5,1989,127.6,100.2,107.5,168.6,109.5,120.8,110.6
"234",6,1989,129.4,100.8,108.7,170.1,111.5,131.3,112
"235",7,1989,126.3,98.8,105.8,168.3,107.2,119.8,109
"236",8,1989,126.9,98.3,106.2,167.7,109.7,129.6,110
"237",9,1989,126.7,98.8,106.5,167.6,109.9,125.1,110.6
"238",10,1989,124.6,97.9,104.7,166.5,107,117.6,108.7
"239",11,1989,124.3,97.4,104.2,166.7,106.1,118.4,108.1
"240",12,1989,125,97.2,104.1,170.6,103.9,119.4,106.3
"241",1,1990,124.4,96.8,103.4,173.7,102.6,115.3,105.3
"242",2,1990,124.9,97.6,103.9,174.1,101.4,113.5,104.9
"243",3,1990,124.4,97.2,103.4,175.3,102,112.3,105
"244",4,1990,123.9,96.3,102.5,174.9,101.4,115.9,104.1
"245",5,1990,124,95.9,102.2,175.2,100.8,121.8,103.7
"246",6,1990,124.4,96.4,102.6,176,101.8,125.5,104.2
"247",7,1990,123.3,95.5,101.2,175.3,100.4,128.1,102.7
"248",8,1990,123.6,95.4,100.6,176.9,99.3,133.6,101.6
"249",9,1990,124.1,96.2,101.2,177.6,99.6,134.3,102.3
"250",10,1990,123.7,95.5,100.5,176.4,99,139.1,101.6
"251",11,1990,126.9,95.6,101.6,178.2,102.4,176.5,102.6
"252",12,1990,126.2,95.2,101.3,179.8,101.9,166.5,102.1
"253",1,1991,124.8,94.6,101,179,101.7,155.4,101.1
"254",2,1991,123.3,93.9,99.6,178.3,99.3,145.3,99.5
"255",3,1991,124.7,95.6,102.2,179.6,102.8,142.1,102
"256",4,1991,125,96.3,102.8,179.2,104.6,139.5,103.2
"257",5,1991,125.1,96.3,103,179.8,105.2,138.1,103.4
"258",6,1991,125.4,96.9,103.7,180.4,106.6,134.1,104.2
"259",7,1991,125.1,97.2,104.2,180.9,105.8,128.5,104
"260",8,1991,126.7,96.5,104.5,180.5,107.4,150.4,104.4
"261",9,1991,125.3,95.7,103.3,179.4,105.3,144.4,103.1
"262",10,1991,125.9,95.3,103.2,178.7,106.3,155.2,103.2
"263",11,1991,124,94.3,101.5,178.3,103.2,145.7,101.1
"264",12,1991,123.8,94,101.1,178.7,101.9,148,100.2
"265",1,1992,123.6,93.3,100.8,179.6,101.3,146.5,100
"266",2,1992,124.1,93.4,101.6,180,101.4,144.2,100.9
"267",3,1992,125.3,94,102.8,181.1,103.3,147.4,102.4
"268",4,1992,124.7,93.2,102.1,180.2,102.4,148.3,101.7
"269",5,1992,123.9,92.7,101.4,179.5,100.5,142.6,101
"270",6,1992,123.5,92.2,100.8,179.3,99.4,144.9,100.1
"271",7,1992,122.2,90.6,99,178.5,97.1,144.8,98.3
"272",8,1992,121.6,89.8,98.2,178.5,95.9,143.6,97.4
"273",9,1992,123.3,91.5,99.6,182.3,96.9,144.6,98.6
"274",10,1992,125.2,93.9,101.5,183.8,98.7,145.7,100.6
"275",11,1992,127.2,95.4,103.8,185.3,102.2,147.1,103.2
"276",12,1992,127.2,96.3,104.1,185.4,102.4,145.2,103.2
"277",1,1993,127.6,97.4,104.9,185.3,103,143.9,103.8
"278",2,1993,127.6,97.9,106,184.2,104.2,144,104
"279",3,1993,127.7,98.1,106.8,184.2,104.2,143.8,103.9
"280",4,1993,126.9,97.8,106.1,183.1,102.4,143.6,103
"281",5,1993,127,97.8,106.3,183,102.3,144,103.2
"282",6,1993,127.2,98.4,107.1,181.3,103.5,140.3,104.2
"283",7,1993,127.7,99.2,108,180.4,105.6,140.8,105.5
"284",8,1993,128.6,100.3,109,180.9,105.6,144.6,106.1
"285",9,1993,128,99.9,108.2,179.8,103.5,144.4,104.9
"286",10,1993,128.4,100.7,108.7,179.3,104.6,145.5,105.8
"287",11,1993,128.6,100.8,109.1,178.6,106.2,145.7,106.7
"288",12,1993,128.4,101.1,109,178.3,106.3,144.7,106.6
"289",1,1994,132.8,102.1,111.7,190.7,118.3,144,111.5
"290",2,1994,133.1,103.1,112.5,190.3,117.6,143,112
"291",3,1994,133.6,103.2,112.9,190.3,115.3,138,112.3
"292",4,1994,133.9,103.1,113.1,189.8,115,138,112.9
"293",5,1994,132.4,101.8,111.7,187.9,112.4,136.9,111.2
"294",6,1994,131.1,101.4,110.8,186.8,109.9,129,110.2
"295",7,1994,130.3,100.5,109.8,185.5,108.1,130,109.1
"296",8,1994,129.6,100.3,109.4,184.8,107.3,127.5,108.7
"297",9,1994,128.3,99.2,108.1,182.8,106,126,107.4
"298",10,1994,127.1,98.6,107.1,181.2,104.6,123.6,106.5
"299",11,1994,126.9,98.6,107.3,180.5,105,121.3,107.1
"300",12,1994,129.2,99.6,109.3,180.7,105.9,121.4,110.3
"301",1,1995,134.4,100.3,112,181.8,104.6,123.5,115.1
"302",2,1995,133.5,99.9,111.4,180.8,103.4,121.9,113.9
"303",3,1995,134.9,100.7,111.9,180.2,100.8,124.1,114
"304",4,1995,130.6,98.9,108.8,176.4,98.6,122.6,109.7
"305",5,1995,127.9,97.7,107.2,173.7,98.7,120.3,108.1
"306",6,1995,128,97.6,107.3,173.1,98.1,119.9,108.3
"307",7,1995,126.5,96.6,105.9,171.7,97.4,119.5,106.8
"308",8,1995,127.2,96.8,106.6,172.2,98.8,121.2,107.9
"309",9,1995,127.5,97.7,107.4,172.4,100.2,122,108.6
"310",10,1995,128,97.9,107.6,172.5,99.7,122.4,108.7
"311",11,1995,129.9,97.9,108.6,173.3,99.5,123,110.4
"312",12,1995,129.7,98.3,109,173.3,99.9,121.5,110.7
"313",1,1996,129.2,98.3,109,173.3,100.4,121.5,110.3
"314",2,1996,128.9,98.2,109,173,100.3,120.8,110.2
"315",3,1996,128.7,98.2,108.7,172.8,100.9,121.2,110.2
"316",4,1996,127.9,97.8,108.3,172.3,101,120.4,109.8
"317",5,1996,127.8,97.7,108.3,172.3,101.4,120.1,110.1
"318",6,1996,127.6,97.6,108,172.2,101.4,119.9,109.9
"319",7,1996,127.2,97.4,107.6,172,100.7,118.9,109.5
"320",8,1996,126.6,97.4,107.3,171.7,100.4,118,108.9
"321",9,1996,126.6,97.6,107.5,171.7,101,118,109.3
"322",10,1996,126.6,97.5,107.4,171.5,101.9,117.6,109.7
"323",11,1996,126.2,97.2,106.7,170.9,101.5,117.1,109.3
"324",12,1996,126.4,97.9,107.2,171.8,102.6,115.7,110
"325",1,1997,126.4,97.8,107.3,171.4,103.3,116.7,110
"326",2,1997,127.3,98.9,108.5,171.8,105.3,117.1,111.5
"327",3,1997,128.1,99.7,109.4,172.4,106,116.6,112.6
"328",4,1997,128.5,100.6,110.1,173,106.6,116.1,113.3
"329",5,1997,127.7,99.9,109.7,172.1,106.2,115.9,112.5
"330",6,1997,128,100.3,110,171.9,107.1,115.8,113
"331",7,1997,129.4,101.9,110.9,176.9,109.8,116.3,114.3
"332",8,1997,131.3,105.6,113.2,180.8,114.2,118,116.6
"333",9,1997,132.3,109,114.1,185.5,116.4,120.5,117
"334",10,1997,133.4,112.8,115.5,188.8,120.4,122.7,118.5
"335",11,1997,135,113.6,116.4,191.2,120,123.3,119.6
"336",12,1997,138.9,120.3,120,202.9,128.6,125.2,123.2
"337",1,1998,144.8,131.1,125.3,220.3,144.1,129.8,129.5
"338",2,1998,142.1,123.8,122.5,209.9,135.4,128.1,126.4
"339",3,1998,141.2,122.5,122,205.8,134.9,128,125.9
"340",4,1998,139.6,121.1,121.1,200.7,130.3,125.4,124.2
"341",5,1998,140.7,122.7,121.7,203.8,132.1,126.9,124.9
"342",6,1998,144.5,126.7,124.4,212.2,138.2,129.2,128.5
"343",7,1998,144.8,129,125.5,211.4,139.6,128.8,129.6
"344",8,1998,145.9,129.6,126.7,210.7,137.2,128.7,130.4
"345",9,1998,145.6,124.4,124.3,209.6,129.9,131.7,128.2
"346",10,1998,142.8,122,122.2,203.4,124.3,131.1,125.4
"347",11,1998,141.3,120.7,121.8,199.3,124.3,129.5,125
"348",12,1998,140.9,120.3,121.6,199.8,123.7,128.6,124.2
"349",1,1999,142.6,120.1,122.4,202,127.7,138.9,125.6
"350",2,1999,144.2,120.6,123.5,203.8,131,148.5,126.7
"351",3,1999,145.6,122.2,124.9,207.7,133.3,147.7,128
"352",4,1999,143.9,121.9,124.3,205.3,133.3,143.4,127
"353",5,1999,142.5,120.7,123.2,202.4,132.3,143.6,125.7
"354",6,1999,143.8,120.9,124.2,203.4,132.9,146.2,126.6
"355",7,1999,144.4,121.4,124.8,204.4,132.8,148.4,126.8
"356",8,1999,145,121.9,124.7,206.4,133.3,152.6,126.7
"357",9,1999,146.4,122.9,125.3,211,136.2,156.6,127.6
"358",10,1999,146.3,121.8,124.6,211.2,134.8,156.8,127.1
"359",11,1999,146.3,122.1,125.2,210.6,137,154.2,128
"360",12,1999,146,122.4,125.5,209.6,137.8,150.3,128.4
"361",1,2000,124,121.8,123.8,126.8,126.4,144.9,123.1
"362",2,2000,124.8,123.1,125.1,127.2,128.7,144.3,124.5
"363",3,2000,125.5,124.6,126.3,127.7,130.7,143.7,125.7
"364",4,2000,126.2,125.7,127.3,127.8,132.4,144.7,127
"365",5,2000,128.8,128.1,130,129.9,136.6,148.2,130.2
"366",6,2000,128.3,127.2,128.7,129.9,134.9,149.4,128.9
"367",7,2000,128.6,128.2,129.1,131.2,136.9,149.4,129.1
"368",8,2000,128.6,128.6,129.9,130.6,137.3,148.4,129.5
"369",9,2000,130.6,130.6,132.1,132.3,140.6,150.6,131.7
"370",10,2000,132.6,132.6,134,134.2,142.7,151.7,133.8
"371",11,2000,133.3,133.6,134.8,135.1,143.3,152.5,134.5
"372",12,2000,130.9,131.5,132.2,133.7,140,152.1,131.4
"373",1,2001,130,130.9,131,133.4,137.3,143.6,130.2
"374",2,2001,130.8,131.4,132,133.4,138.6,144.1,131.5
"375",3,2001,132.7,133.4,133.7,135.6,140.3,146.2,133
"376",4,2001,133.8,135,134.7,137.6,143.3,149.5,133.8
"377",5,2001,133.5,135.2,134.7,137.5,144.8,152,133.7
"378",6,2001,133.9,135.7,135.3,137.5,146.5,152.7,134.3
"379",7,2001,133.9,135.3,135.1,137.3,144.4,152.3,133.7
"380",8,2001,131.6,132.8,132.8,134.6,138.3,150.3,130.6
"381",9,2001,133.3,133.9,134.1,135.6,139.1,155,131.9
"382",10,2001,134,134.5,134.5,136.8,140.4,156,132.4
"383",11,2001,133.8,135.5,135.1,136.9,141.1,151.9,133.3
"384",12,2001,132,134,133.5,135.4,139.4,147,131.6
"385",1,2002,132.9,135.3,134.9,135.8,139.2,146.3,132.1
"386",2,2002,133.8,136.3,136,136.2,140,146.8,132.6
"387",3,2002,133.1,135.9,135.5,135.4,138.9,145,131.7
"388",4,2002,132.6,135.7,135.1,134.9,137.9,143.7,131.1
"389",5,2002,131.8,133.5,133.4,133.2,135.5,146.7,129.5
"390",6,2002,131.1,132,131.9,132.2,133.1,150.8,127.9
"391",7,2002,131.1,131.4,131.2,132,131.9,155.8,127.1
"392",8,2002,132.7,132.7,132.6,133.4,133.5,160.5,128.5
"393",9,2002,133.8,133.1,133.1,134.2,133.7,165.4,129.2
"394",10,2002,134.6,133.6,133.6,135.1,135,172.4,129.8
"395",11,2002,132.6,132.2,131.9,133.5,132.9,165.6,128.2
"396",12,2002,131.4,131.1,130.5,132.6,130.4,165,126.6
"397",1,2003,130.1,129.4,128.8,131.5,127.6,162.8,124.9
"398",2,2003,130.4,128.9,128.3,132.1,126.9,165.4,124.5
"399",3,2003,129.8,128.5,127.6,132.1,126.9,163.5,123.9
"400",4,2003,127.7,126.9,125.8,130.7,125.2,156.6,122.2
"401",5,2003,122.9,122.4,120.7,127.3,120.1,151.4,116.6
"402",6,2003,122.3,121.4,119.7,126.7,119.4,150.2,115.9
"403",7,2003,123.5,123,121.3,127.5,121.2,150.9,117.7
"404",8,2003,125.2,124.7,123.2,128.4,123.1,153.7,119.8
"405",9,2003,124.2,123.6,122.1,126.9,122.5,152.4,118.9
"406",10,2003,122,121.3,119.5,124.8,120.1,151.5,116.6
"407",11,2003,120.9,120.4,118.5,123.9,119.8,150.9,115.7
"408",12,2003,119.3,119.2,116.7,122.8,117,149.5,113.9
"409",1,2004,117.5,118.1,115.2,121.6,115.4,146.8,112.1
"410",2,2004,118.6,119.6,116.3,122.5,115.7,147.5,113.2
"411",3,2004,119.8,120.9,117.7,123.7,117.8,147,114.7
"412",4,2004,120.8,121.7,118.9,124,118.6,146.7,116.2
"413",5,2004,123.5,123.3,121,126.5,119.9,151.4,118.1
"414",6,2004,123,122.8,120.2,126.7,120.2,151.6,117.4
"415",7,2004,121.2,121,118.5,125.2,118.5,148.2,115.7
"416",8,2004,120.9,121,118.3,125.4,119,146.7,115.6
"417",9,2004,119.9,120.1,117.4,124.5,118.2,144.2,114.6
"418",10,2004,118.1,118.4,115.4,123.4,117,143.6,112.6
"419",11,2004,115.2,115.7,112.3,121,114.2,141,109.4
"420",12,2004,113.7,115,111,119.6,112.2,137.2,108.2
"421",1,2005,114,115.4,111.7,119.5,112.4,135.5,108.9
"422",2,2005,114.4,116.3,112.4,119.9,113.2,133.8,109.7
"423",3,2005,114.2,115.9,112,119.9,112.9,135.5,109.1
"424",4,2005,115.3,117.4,113.4,121.2,114.2,133.9,110.6
"425",5,2005,115.3,117.7,113.8,121.2,114.3,131.1,111.1
"426",6,2005,115.7,118.2,114.4,121.7,116.5,130.4,111.9
"427",7,2005,115.7,118.5,114.5,122,117.4,129.9,112
"428",8,2005,114.6,117.3,113.2,120.8,116.2,129.9,110.8
"429",9,2005,115,117.8,113.5,121.2,117.6,130.2,111.3
"430",10,2005,115.2,117.9,114.2,120.7,117.6,128.7,111.9
"431",11,2005,114.3,117.1,113.7,119.9,117.3,126.2,111.4
"432",12,2005,112.9,115.5,112.3,118.5,116.3,126.5,109.9
"433",1,2006,112.3,114.5,111.6,117.5,114.9,125.8,109.1
"434",2,2006,111.9,114.2,111.5,117,114.5,123,108.8
"435",3,2006,112.6,113.9,111.8,117.1,113.8,123.3,109.3
"436",4,2006,112.4,113,111.2,116.2,112.6,124.5,108.7
"437",5,2006,111.3,111.2,109.3,115.5,110.7,126,106.8
"438",6,2006,113,112.6,110.7,116.9,112.3,129.6,108.3
"439",7,2006,112.6,112.9,110.7,116.7,111.7,127.7,108
"440",8,2006,111.4,112.1,109.7,115.9,111.1,125.5,107
"441",9,2006,111,111.6,109.2,115.3,110.9,125.2,106.9
"442",10,2006,110.4,111.4,108.9,114.5,110.8,123.6,106.9
"443",11,2006,109.3,110.3,107.7,113.3,109.2,122.1,105.7
"444",12,2006,108.5,109.3,106.8,112.5,107.1,120.8,104.8
"445",1,2007,109.5,109.9,108,113.4,107.5,120.1,106.1
"446",2,2007,109.4,109.7,107.7,113.3,107.2,119.2,105.8
"447",3,2007,109.5,110,107.8,113.3,107.1,119.2,105.9
"448",4,2007,107.9,108.2,105.8,112.2,105.7,117.7,104.2
"449",5,2007,106.5,106.6,104.4,110.9,105.2,115,103
"450",6,2007,105.9,106.3,103.9,110.4,106,113.3,102.8
"451",7,2007,104.3,104.9,102.3,108.7,104.6,112.2,101.3
"452",8,2007,105.4,105.7,103,109.4,105.5,115.2,102.3
"453",9,2007,103.7,104.1,101.2,107.9,104.3,114,100.5
"454",10,2007,100.9,100.8,98.2,105.7,101.8,110.1,97.6
"455",11,2007,100.1,99.7,97.2,105.2,100.5,109.7,96.6
"456",12,2007,100.5,100.1,97.9,105.1,100.5,108.6,97.4
"457",1,2008,100.2,99.6,97.8,104.3,99.4,107.7,97.4
"458",2,2008,98.8,98.5,96.6,102.7,98.1,105.1,96.2
"459",3,2008,97.5,97.8,95.4,101.3,95.7,103.6,94.7
"460",4,2008,97.1,97.7,95.1,101,94.8,102.1,94.2
"461",5,2008,97.3,98.3,95.5,101.4,95.8,101.4,94.4
"462",6,2008,98,98.8,96.2,102.7,95.8,100.2,94.9
"463",7,2008,97.5,98.2,95.5,102.4,94.6,100.1,94.1
"464",8,2008,99.2,100.6,97.7,103.8,97.2,100.7,96.5
"465",9,2008,101.7,102.7,100.3,105,100.6,107.2,99.1
"466",10,2008,110.1,109.8,108.5,110,106.5,116.8,108.2
"467",11,2008,112.1,112.1,110.6,111.6,110.1,118,110.8
"468",12,2008,110.6,109.6,108.4,110.7,105.4,117.5,108.3
"469",1,2009,111.8,110.6,110,111.1,107.3,117.2,110.2
"470",2,2009,114.8,113.4,113,113.1,110.8,121.3,113.7
"471",3,2009,115.9,114.9,114.2,114.2,110.6,121.4,114.7
"472",4,2009,111.6,111.8,110.6,111.1,108.1,117,110.3
"473",5,2009,107.9,107.6,106.6,108.2,104.6,112.6,106.1
"474",6,2009,106.8,106.9,105.5,107.6,103.7,109.8,105.1
"475",7,2009,106.3,106.6,105,107,103.4,108.8,104.8
"476",8,2009,104.5,105.1,103.3,106.1,102.1,106.6,102.8
"477",9,2009,103.9,104.1,102.5,105.3,100.7,105.7,102.2
"478",10,2009,101.9,101.6,100.4,103.6,98.6,102.8,100.2
"479",11,2009,101.2,101.2,99.7,102.8,98,103.2,99.6
"480",12,2009,101.1,101.3,99.9,102.6,98.7,103.5,99.6
"481",1,2010,100.7,101,99.9,101.9,99.3,103,99.7
"482",2,2010,102.1,102.6,101.7,102.6,101.5,103.3,101.5
"483",3,2010,100.5,100.9,100.3,101.4,100.6,101.1,99.9
"484",4,2010,99.4,99.2,99.1,100.4,99.6,100.4,98.7
"485",5,2010,102.4,102.3,102.6,102.1,103.3,102.4,102.7
"486",6,2010,102.8,102.9,103.4,102.1,104.3,101.7,103.5
"487",7,2010,101.4,101.1,101.6,101,101.3,100,101.6
"488",8,2010,100.5,100.1,100.7,100,100.2,98.9,100.8
"489",9,2010,99.4,98.9,99.6,98.7,99,98,99.9
"490",10,2010,96.8,96.6,96.6,96.7,96,96.5,96.8
"491",11,2010,96.6,96.7,96.7,96.5,96.6,97.2,96.8
"492",12,2010,97,97.4,97.4,96.5,97.9,97.4,97.7
"493",1,2011,96.2,96.3,96.5,96.3,96.8,95.9,96.5
"494",2,2011,95.5,95.5,95.7,95.8,95.6,95.5,95.5
"495",3,2011,95,94.9,94.8,95.6,94.6,95.5,94.5
"496",4,2011,93.4,93.7,93.2,94.5,92.5,93.2,92.7
"497",5,2011,93.8,94.2,93.8,94.7,93.2,93.6,93.3
"498",6,2011,93.9,94.4,94,94.7,93.1,92.8,93.6
"499",7,2011,92.9,93.4,93.1,93.6,92.8,91.8,92.8
"500",8,2011,94.1,94.1,94.1,94,92.7,93,94
"501",9,2011,96.9,96.7,97.1,95.7,96.2,96.6,97.6
"502",10,2011,98.1,97.6,98.1,96.6,97,98.1,98.9
"503",11,2011,98.2,97.9,98.5,96.6,97.5,97.6,99.2
"504",12,2011,98.8,98.6,99.5,96.9,98.6,98.1,100.1
"505",1,2012,98.3,98.3,99.3,96.7,99.2,96.5,100
"506",2,2012,96,96.4,97,95,97.3,94,97.6
"507",3,2012,96.7,97.2,97.6,95.6,98.4,95.4,98.2
"508",4,2012,97.2,97.4,98.1,95.6,98.8,96.5,98.8
"509",5,2012,99.3,99,100.2,97,100.9,98.8,101.2
"510",6,2012,100.7,100.6,102,98,102.9,100.1,103.3
"511",7,2012,99.5,99.9,101.1,96.9,103,99,102.3
"512",8,2012,98.7,98.9,100.1,96.4,102.4,99.4,101.2
"513",9,2012,97.6,97.6,98.7,95.7,100.8,99.3,99.6
"514",10,2012,97.1,97.1,98.1,95.2,99.8,98.8,99
"515",11,2012,97.4,97.3,98.6,95.2,99.9,98.9,99.4
"516",12,2012,96.3,96.5,97.4,94.5,98.4,98.1,98
"517",1,2013,95.8,96.2,97,94.1,97.6,96.7,97.5
"518",2,2013,96.4,97.4,97.7,94.7,98.1,96.3,98.2
"519",3,2013,97.1,98.7,98.9,95.1,99.5,96.5,99.4
"520",4,2013,96.3,97.9,98.1,94.5,98.6,96.5,98.3
"521",5,2013,96.8,97.8,98.4,95,98.7,97.2,98.6
"522",6,2013,98.7,99.6,100,96.6,99.8,100.4,100.1
"523",7,2013,99.2,100.5,100.7,97.1,100.4,101.3,100.5
"524",8,2013,99.7,101.4,101.1,97.9,101,102.9,100.7
"525",9,2013,99.6,101.1,100.8,98.1,101.2,102.7,100.8
"526",10,2013,98.4,99.6,99.3,97,99.1,100.7,99.4
"527",11,2013,99.1,100.3,100,97.6,100.1,102.1,100.1
"528",12,2013,99.5,101.1,100.4,98.6,100.2,102.6,100.2
"529",1,2014,101,103,102.2,99.8,101.7,103.4,102
"530",2,2014,101.5,103.3,102.5,100,101.7,104.2,102.3
"531",3,2014,101.2,103.1,102.2,99.9,100.9,103.2,102
"532",4,2014,100.5,102.6,101.6,99.4,100.8,100.9,101.5
"533",5,2014,100.3,102.1,101.4,99.3,101.2,100.6,101.5
"534",6,2014,100.5,102.3,101.6,99.5,102.2,100.6,102
"535",7,2014,100.3,102,101.5,99.1,101.5,99.7,101.9
"536",8,2014,100.9,102.2,102.1,99.3,102.2,100.5,102.5
"537",9,2014,102.1,103.6,103.6,100.1,104.5,102.2,104.2
"538",10,2014,103.3,104.9,104.9,100.9,105.8,104.4,105.7
"539",11,2014,103.8,105.7,105.6,101.3,106.6,105.6,106.4
"540",12,2014,105.7,107.5,107.4,102.5,108,108.6,108.5
"541",1,2015,108.1,111.3,111.1,103.8,111.7,108.8,112.5
"542",2,2015,110,113.2,113.1,104.8,114,111.3,114.9
"543",3,2015,112.4,115.7,115.8,105.9,118.3,116.8,118.1
"544",4,2015,111.5,114.4,115,104.8,117.9,115.2,117.4
"545",5,2015,111.1,113.3,113.8,105.1,116.5,114.9,116.1
"546",6,2015,112.5,115.1,115.1,106.5,117.7,117,117.4
"547",7,2015,115,117.4,117.6,108.1,119.5,119.9,120.3
"548",8,2015,117.4,120.3,119.6,110.9,120.8,125.8,122.1
"549",9,2015,118.9,123,121.2,112.1,124.2,130.2,124
"550",10,2015,117.3,121.3,119.8,110.6,122.6,127.8,122.4
"551",11,2015,118.4,122.9,121.6,111.3,124.6,126.5,124.3
"552",12,2015,119.6,123.8,122.6,112.5,123.4,128.8,125
"553",1,2016,122.7,126.6,125.7,114.7,125,130.8,128.2
"554",2,2016,121.3,123.8,123.6,113.2,122.1,130,125.9
"555",3,2016,118.4,121.1,120.8,111,120.3,125.2,122.8
"556",4,2016,116.3,118,118.2,109.6,117.6,122.2,120.2
"557",5,2016,117.7,119.8,119.6,110.7,119.1,122.1,122
"558",6,2016,118.2,120.2,120.2,110.8,120,121.5,123
"559",7,2016,118,120.3,120.5,110.6,119.6,118.6,123.4
"560",8,2016,117.4,119.7,119.8,110.1,119,117.9,122.7
"561",9,2016,118.5,121.2,121,110.7,120.2,118.6,124.2
"562",10,2016,118.9,122.5,122,111.2,121.3,117.8,125.1
"563",11,2016,121.2,124.8,124.4,112.6,123.7,121.2,127.8
"564",12,2016,122.3,126.4,125.8,113.4,126,120.6,129.4
"565",1,2017,122,125.7,125.6,113,125.4,118.6,129.2
"566",2,2017,120.3,124.8,124.1,111.9,124.6,116.1,127.6
"567",3,2017,120,125.4,124,112.3,124.4,116.1,127.1
"568",4,2017,119.2,125,123.3,111.8,123.5,115.3,126.2
"569",5,2017,119.3,124.4,122.9,112.1,121.6,116.5,125.4
"570",6,2017,117.7,123,121.2,110.9,120.8,117.3,123.4
"571",7,2017,115.3,120.9,118.3,109.5,119,116.3,120.2
"572",8,2017,114.3,120,117.1,108.6,117.6,115.2,119.1
"573",9,2017,113.4,118.5,116.1,107.7,117,115.1,118
"574",10,2017,115.3,120.1,118,108.7,118.2,116.3,120.3
"575",11,2017,115.8,119.9,118.2,108.8,117.9,117.3,120.7
"576",12,2017,115.3,118.7,117.5,108.4,116.4,116.8,120
"577",1,2018,113.5,115.9,114.9,107,113.6,116.2,117.7
"578",2,2018,113.3,116.5,114.9,107.1,113.7,116.5,117.7
"579",3,2018,114.3,117.8,116.2,107.9,114.3,117,119.1
"580",4,2018,114.1,117.5,115.9,108,114.9,117.5,118.7
"581",5,2018,117.9,120.4,119.4,110.6,118.6,121.8,122.4
"582",6,2018,120,122.2,121.5,112,119.8,123.3,124.6
"583",7,2018,119.4,122.5,121.1,112.9,120.5,123.5,123.5
"584",8,2018,119.8,123.1,121.7,113.6,121.8,125.4,123.6
"585",9,2018,121,124.2,122.9,115,123,128.4,124.2
"586",10,2018,119.7,123.3,121.6,114.3,123.5,125.9,124.4
"587",11,2018,120.8,123.2,122.3,114,122.8,127.2,125.9
"588",12,2018,120.5,123.1,122.2,113.6,121.9,127.3,125.8
"589",1,2019,120.2,123.7,122.7,113.2,120.5,124.8,124.3
"590",2,2019,119.9,123.3,122.4,112.5,120.6,124.2,124
"591",3,2019,120.8,124.5,123.3,113.2,121.7,125.5,125.1
"592",4,2019,121.1,125,123.7,113.5,122.3,126.3,125.3
"593",5,2019,120.5,124.6,123.2,113.4,122.4,126.6,124.5
"594",6,2019,120.1,124.4,122.9,113.4,122.3,126.5,123.8
"595",7,2019,119.8,124.3,122.7,113.4,122.3,126.5,123.4
"596",8,2019,119.5,124.2,122.5,113.4,122.4,126.7,122.9
"597",9,2019,119,123.9,122.1,113.3,122.3,126.5,122.3
"598",10,2019,118.7,123.6,121.8,113.2,122.1,126.5,121.8
"599",11,2019,118.4,123.3,121.5,113.2,122,126.8,121.3
"600",12,2019,118,123,121.1,113.1,121.8,126.9,120.7
